product_id,name,price_current,price_original,discount,currency,in_stock,installment_6m,installment_12m,url,image
3652,Xiaomi Redmi 15T 12/256GB NFC Grey,"1,199.99","1,299.99",100.00 ₼ Endirim,AZN,Mövcuddur,216.67 ₼,108.33 ₼,https://digitalhome.az/products/xiaomi-redmi-15t-12256gb-nfc-grey,https://digitalhome.az/storage/xiaomi-redmi-15t-nfc-grey-300x300.png
3651,Xiaomi Redmi 15T 12/256GB NFC Black,"1,199.99","1,299.99",100.00 ₼ Endirim,AZN,Mövcuddur,216.67 ₼,108.33 ₼,https://digitalhome.az/products/xiaomi-redmi-15t-12256gb-nfc-black,https://digitalhome.az/storage/xiaomi-redmi-15t-nfc-black-300x300.webp
3650,Xiaomi Redmi Note 15 8/256GB No NFC Blue,579.99,659.99,80.00 ₼ Endirim,AZN,Mövcuddur,110.00 ₼,55.00 ₼,https://digitalhome.az/products/xiaomi-redmi-note-15-8256gb-no-nfc-blue,https://digitalhome.az/storage/xiaomi-redmi-note-15-no-nfc-blue-300x300.webp
3653,Xiaomi Redmi 15T 12/512GB NFC Black,"1,299.99","1,399.99",100.00 ₼ Endirim,AZN,Mövcuddur,233.33 ₼,116.67 ₼,https://digitalhome.az/products/xiaomi-redmi-15t-12512gb-nfc-black,https://digitalhome.az/storage/xiaomi-redmi-15t-nfc-black-300x300.webp
3654,Xiaomi Redmi 15C 4/256GB NFC Green,299.99,349.99,50.00 ₼ Endirim,AZN,Mövcuddur,58.33 ₼,29.17 ₼,https://digitalhome.az/products/xiaomi-redmi-15c-4256gb-nfc-green,https://digitalhome.az/storage/xiaomi-redmi-15c-nfc-green-300x300.png
3608,HONOR X8d 8/256GB Velvet Grey,599.99,649.99,50.00 ₼ Endirim,AZN,Mövcuddur,108.33 ₼,54.17 ₼,https://digitalhome.az/products/honor-x8d-8256gb-velvet-grey,https://digitalhome.az/storage/honor-x8d-velvet-grey-300x300.webp
3605,HONOR X8d 8/128GB Light Blue,549.99,599.99,50.00 ₼ Endirim,AZN,Mövcuddur,100.00 ₼,50.00 ₼,https://digitalhome.az/products/honor-x8d-8128gb-light-blue,https://digitalhome.az/storage/honor-x8d-light-blue-300x300.webp
3606,HONOR X8d 8/256GB Light Blue,599.99,649.99,50.00 ₼ Endirim,AZN,Mövcuddur,108.33 ₼,54.17 ₼,https://digitalhome.az/products/honor-x8d-8256gb-light-blue,https://digitalhome.az/storage/honor-x8d-light-blue-300x300.webp
3603,HONOR X8d 8/128GB Velvet Black,549.99,599.99,50.00 ₼ Endirim,AZN,Mövcuddur,100.00 ₼,50.00 ₼,https://digitalhome.az/products/honor-x8d-8128gb-velvet-black,https://digitalhome.az/storage/honor-x8d-velvet-grey-1-300x300.webp
3604,HONOR X8d 8/128GB Velvet Grey,549.99,599.99,50.00 ₼ Endirim,AZN,Mövcuddur,100.00 ₼,50.00 ₼,https://digitalhome.az/products/honor-x8d-8128gb-velvet-grey,https://digitalhome.az/storage/honor-x8d-velvet-grey-300x300.webp
3607,HONOR X8d 8/256GB Velvet Black,599.99,649.99,50.00 ₼ Endirim,AZN,Mövcuddur,108.33 ₼,54.17 ₼,https://digitalhome.az/products/honor-x8d-8256gb-velvet-black,https://digitalhome.az/storage/honor-x8d-velvet-grey-1-300x300.webp
3596,Samsung Galaxy A26 (A266) 6/128GB Pink,559.99,619.99,60.00 ₼ Endirim,AZN,Mövcuddur,103.33 ₼,51.67 ₼,https://digitalhome.az/products/samsung-galaxy-a26-a266-6128gb-pink,https://digitalhome.az/storage/samsung-galaxy-a26-a266-6-128gb-pink-300x300.webp
3550,Samsung Galaxy A07 (A075) 4/128GB Black,279.99,309.99,30.00 ₼ Endirim,AZN,Mövcuddur,51.67 ₼,25.83 ₼,https://digitalhome.az/products/samsung-galaxy-a07-a075-4128gb-black,https://digitalhome.az/storage/samsung-galaxy-a07-a075-4-128gb-black-300x300.webp
3549,Samsung Galaxy A07 (A075) 4/128GB Green,279.99,309.99,30.00 ₼ Endirim,AZN,Mövcuddur,51.67 ₼,25.83 ₼,https://digitalhome.az/products/samsung-galaxy-a07-a075-4128gb-green,https://digitalhome.az/storage/samsung-galaxy-a07-a075-4-128gb-green-300x300.webp
3548,Samsung Galaxy A07 (A075) 4/128GB Light Violet,279.99,309.99,30.00 ₼ Endirim,AZN,Mövcuddur,51.67 ₼,25.83 ₼,https://digitalhome.az/products/samsung-galaxy-a07-a075-4128gb-light-violet,https://digitalhome.az/storage/samsung-galaxy-a07-a075-4-128gb-light-violet-300x300.webp
3547,Samsung Galaxy A17 (A175) 4/128GB Light Blue,379.99,419.99,40.00 ₼ Endirim,AZN,Mövcuddur,70.00 ₼,35.00 ₼,https://digitalhome.az/products/samsung-galaxy-a17-a175-4128gb-light-blue,https://digitalhome.az/storage/samsung-galaxy-a17-a175-4-128gb-light-blue-300x300.webp
3536,Samsung Galaxy A26 (A266) 6/128GB Light Green,559.99,619.99,60.00 ₼ Endirim,AZN,Mövcuddur,103.33 ₼,51.67 ₼,https://digitalhome.az/products/samsung-galaxy-a26-a266-6128gb-light-green,https://digitalhome.az/storage/samsung-galaxy-a26-a266-ight-green-300x300.png
3450,iPhone 17 Pro 256GB Silver,"3,249.99","3,599.99",350.00 ₼ Endirim,AZN,Mövcuddur,600.00 ₼,300.00 ₼,https://digitalhome.az/products/iphone-17-pro-256gb-silver,https://digitalhome.az/storage/iphone-17-pro-256gb-silver-300x300.webp
3449,iPhone 17 Pro 256GB Deep Blue,"3,249.99","3,599.99",350.00 ₼ Endirim,AZN,Mövcuddur,600.00 ₼,300.00 ₼,https://digitalhome.az/products/iphone-17-pro-256gb-deep-blue,https://digitalhome.az/storage/iphone-17-pro-256gb-deep-blue-300x300.webp
3427,iPhone 16 128GB White,"1,969.99","2,169.99",200.00 ₼ Endirim,AZN,Mövcuddur,361.67 ₼,180.83 ₼,https://digitalhome.az/products/iphone-16-128gb-white,https://digitalhome.az/storage/iphone-16-128gb-white-300x300.png
3322,Infinix Smart 10 4/128GB Silver,239.99,269.99,30.00 ₼ Endirim,AZN,Mövcuddur,45.00 ₼,22.50 ₼,https://digitalhome.az/products/infinix-smart-10-4128gb-silver,https://digitalhome.az/storage/infinix-smart-10-4128gb-silver-1-300x300.webp
3321,Infinix Smart 10 4/128GB Black,239.99,269.99,30.00 ₼ Endirim,AZN,Mövcuddur,45.00 ₼,22.50 ₼,https://digitalhome.az/products/infinix-smart-10-4128gb-black,https://digitalhome.az/storage/smartfon-infinix-smart-10-4gb128gb-sleek-black-8-300x300.webp
3320,Infinix HOT 60i 8/256GB Silver,349.99,389.99,40.00 ₼ Endirim,AZN,Mövcuddur,65.00 ₼,32.50 ₼,https://digitalhome.az/products/infinix-hot-60i-8256gb-silver,https://digitalhome.az/storage/smartfon-infinix-hot-60i-8gb256gb-titanium-silver-nfc-1-300x300.webp
3319,Infinix HOT 60i 8/256GB Blue,349.99,389.99,40.00 ₼ Endirim,AZN,Mövcuddur,65.00 ₼,32.50 ₼,https://digitalhome.az/products/infinix-hot-60i-8256gb-blue,https://digitalhome.az/storage/infinix-hot-60i-8-256gb-blue-300x300.webp
3317,Infinix HOT 60 Pro 8/256GB Silver,489.99,539.99,50.00 ₼ Endirim,AZN,Mövcuddur,90.00 ₼,45.00 ₼,https://digitalhome.az/products/infinix-hot-60-pro-8256gb-silver,https://digitalhome.az/storage/infinix-hot-60-pro-8-256gb-silver-300x300.webp
3316,Infinix HOT 60 Pro 8/256GB Black,489.99,539.99,50.00 ₼ Endirim,AZN,Mövcuddur,90.00 ₼,45.00 ₼,https://digitalhome.az/products/infinix-hot-60-pro-8256gb-black,https://digitalhome.az/storage/infinix-300x300.webp
3318,Infinix HOT 60 Pro + 8/256GB Silver,549.99,609.99,60.00 ₼ Endirim,AZN,Mövcuddur,101.67 ₼,50.83 ₼,https://digitalhome.az/products/infinix-hot-60-pro-8256gb-silver,https://digitalhome.az/storage/infinix-hot-60-pro-8-256gb-silver-300x300.webp
3300,iPhone 17 Pro Max 256GB Deep Blue,"3,529.99","3,849.99",320.00 ₼ Endirim,AZN,Mövcuddur,641.67 ₼,320.83 ₼,https://digitalhome.az/products/iphone-17-pro-max-256gb-deep-blue,https://digitalhome.az/storage/iphone-17-pro-max-256gb-deep-blue-300x300.webp
3284,Samsung Galaxy A36 5G (A366) 8/256GB Green,799.99,899.99,100.00 ₼ Endirim,AZN,Mövcuddur,150.00 ₼,75.00 ₼,https://digitalhome.az/products/samsung-galaxy-a36-5g-a366-8256gb-green,https://digitalhome.az/storage/samsung-galaxy-a36-300x300.png
3285,Samsung Galaxy A36 5G (A366) 8/256GB White,799.99,899.99,100.00 ₼ Endirim,AZN,Mövcuddur,150.00 ₼,75.00 ₼,https://digitalhome.az/products/samsung-galaxy-a36-5g-a366-8256gb-white,https://digitalhome.az/storage/samsung-galaxy-a36-5g-white-a366-1-300x300.webp
3278,HONOR X9d 8/256GB Midnight Black,739.99,819.99,80.00 ₼ Endirim,AZN,Mövcuddur,136.67 ₼,68.33 ₼,https://digitalhome.az/products/honor-x9d-8256gb-midnight-black,https://digitalhome.az/storage/honor-x9d-midnight-black-300x300.webp
3279,HONOR X9d 8/256GB Forest Green,739.99,819.99,80.00 ₼ Endirim,AZN,Mövcuddur,136.67 ₼,68.33 ₼,https://digitalhome.az/products/honor-x9d-8256gb-forest-green,https://digitalhome.az/storage/honor-x9d-forest-green1-300x300.webp
3274,HONOR X9d 12/256GB Forest Green,829.99,919.99,90.00 ₼ Endirim,AZN,Mövcuddur,153.33 ₼,76.67 ₼,https://digitalhome.az/products/honor-x9d-12256gb-forest-green,https://digitalhome.az/storage/honor-x9d-forest-green1-300x300.webp
3275,HONOR X9d 12/256GB Midnight Black,829.99,919.99,90.00 ₼ Endirim,AZN,Mövcuddur,153.33 ₼,76.67 ₼,https://digitalhome.az/products/honor-x9d-12256gb-midnight-black,https://digitalhome.az/storage/honor-x9d-midnight-black-300x300.webp
3277,HONOR X9d 8/256GB Reddish Brown,739.99,819.99,80.00 ₼ Endirim,AZN,Mövcuddur,136.67 ₼,68.33 ₼,https://digitalhome.az/products/honor-x9d-8256gb-reddish-brown,https://digitalhome.az/storage/honor-x9d-reddish-300x300.webp
3276,HONOR X9d 12/256GB Reddish Brown,829.99,919.99,90.00 ₼ Endirim,AZN,Mövcuddur,153.33 ₼,76.67 ₼,https://digitalhome.az/products/honor-x9d-12256gb-reddish-brown,https://digitalhome.az/storage/honor-x9d-reddish-300x300.webp
3270,Samsung Galaxy A17 (A175) 4/128GB Gray,379.99,419.99,40.00 ₼ Endirim,AZN,Mövcuddur,70.00 ₼,35.00 ₼,https://digitalhome.az/products/samsung-galaxy-a17-a175-4128gb-gray,https://digitalhome.az/storage/samsung-galaxy-a17-a175-gray-300x300.png
3269,Samsung Galaxy A17 (A175) 4/128GB Black,379.99,419.99,40.00 ₼ Endirim,AZN,Mövcuddur,70.00 ₼,35.00 ₼,https://digitalhome.az/products/samsung-galaxy-a17-a175-4128gb-black,https://digitalhome.az/storage/samsung-galaxy-a17-300x300.webp
3267,Samsung Galaxy A07 (A075) 4/64GB Green,239.99,269.99,30.00 ₼ Endirim,AZN,Mövcuddur,45.00 ₼,22.50 ₼,https://digitalhome.az/products/samsung-galaxy-a07-a075-464gb-green,https://digitalhome.az/storage/samsung-galaxy-a07-a075-4-64gb-green-300x300.webp
3266,Samsung Galaxy A07 (A075) 4/64GB Black,239.99,269.99,30.00 ₼ Endirim,AZN,Mövcuddur,45.00 ₼,22.50 ₼,https://digitalhome.az/products/samsung-galaxy-a07-a075-464gb-black,https://digitalhome.az/storage/samsung-galaxy-a07-a075-4-64gb-black-300x300.webp
3268,Samsung Galaxy A07 (A075) 4/64GB Light Violet,239.99,269.99,30.00 ₼ Endirim,AZN,Mövcuddur,45.00 ₼,22.50 ₼,https://digitalhome.az/products/samsung-galaxy-a07-a075-464gb-light-violet,https://digitalhome.az/storage/samsung-galaxy-a07-a075-4-64gb-light-violet-300x300.webp
3265,Xiaomi Redmi 15C 8/256GB No NFC Blue,339.99,389.99,50.00 ₼ Endirim,AZN,Mövcuddur,65.00 ₼,32.50 ₼,https://digitalhome.az/products/xiaomi-redmi-15c-8256gb-no-nfc-blue,https://digitalhome.az/storage/xiaomi-redmi-15c-4-128gb-no-nfc-blue-300x300.webp
3260,Xiaomi Redmi 15 6/128GB NFC Purple,379.99,429.99,50.00 ₼ Endirim,AZN,Mövcuddur,71.67 ₼,35.83 ₼,https://digitalhome.az/products/xiaomi-redmi-15-6128gb-nfc-purple,https://digitalhome.az/storage/xiaomi-redmi-15-300x300.png
3263,Xiaomi Redmi 15C 4/128GB NFC Green,269.99,299.99,30.00 ₼ Endirim,AZN,Mövcuddur,50.00 ₼,25.00 ₼,https://digitalhome.az/products/xiaomi-redmi-15c-4128gb-nfc-green,https://digitalhome.az/storage/xiaomi-redmi-15c-green-300x300.webp
3264,Xiaomi Redmi 15C 4/128GB No NFC Blue,259.99,289.99,30.00 ₼ Endirim,AZN,Mövcuddur,48.33 ₼,24.17 ₼,https://digitalhome.az/products/xiaomi-redmi-15c-4128gb-no-nfc-blue,https://digitalhome.az/storage/xiaomi-redmi-15c-4-128gb-no-nfc-blue-300x300.webp
3261,Xiaomi Redmi 15 8/256GB No NFC Gray,399.99,459.99,60.00 ₼ Endirim,AZN,Mövcuddur,76.67 ₼,38.33 ₼,https://digitalhome.az/products/xiaomi-redmi-15-8256gb-no-nfc-gray,https://digitalhome.az/storage/xiaomi-redmi-15-8-300x300.png
3262,Xiaomi Redmi 15C 4/128GB NFC Midnight Black,269.99,299.99,30.00 ₼ Endirim,AZN,Mövcuddur,50.00 ₼,25.00 ₼,https://digitalhome.az/products/xiaomi-redmi-15c-4128gb-nfc-midnight-black,https://digitalhome.az/storage/xiaomi-redmi-15-black-d-300x300.webp
3256,Xiaomi Poco M7 6/128GB Black,339.99,389.99,50.00 ₼ Endirim,AZN,Mövcuddur,65.00 ₼,32.50 ₼,https://digitalhome.az/products/xiaomi-poco-m7-6128gb-black,https://digitalhome.az/storage/xiaomi-poco-m7-300x300.png
3257,Xiaomi Poco M7 6/128GB Blue,339.99,389.99,50.00 ₼ Endirim,AZN,Mövcuddur,65.00 ₼,32.50 ₼,https://digitalhome.az/products/xiaomi-poco-m7-6128gb-blue,https://digitalhome.az/storage/xiaomi-poco-m7-6-128gb-blue-300x300.webp
3254,Xiaomi Poco F7 12/512GB NFC Black,"1,099.99","1,199.99",100.00 ₼ Endirim,AZN,Mövcuddur,200.00 ₼,100.00 ₼,https://digitalhome.az/products/xiaomi-poco-f7-12512gb-nfc-black,https://digitalhome.az/storage/poco-f7-nfc-black-300x300.png
3259,Xiaomi Redmi 15 8/256GB No NFC Black,399.99,459.99,60.00 ₼ Endirim,AZN,Mövcuddur,76.67 ₼,38.33 ₼,https://digitalhome.az/products/xiaomi-redmi-15-8256gb-no-nfc-black,https://digitalhome.az/storage/xiaomi-redmi-15-black-300x300.webp
3258,Xiaomi Poco M7 Pro 5G 12/256GB Purple,519.99,599.99,80.00 ₼ Endirim,AZN,Mövcuddur,100.00 ₼,50.00 ₼,https://digitalhome.az/products/xiaomi-poco-m7-pro-5g-12256gb-purple,https://digitalhome.az/storage/xiaomi-poco-m7-pro-300x300.png
3253,Xiaomi Poco C71 3/64GB No NFC Black,159.99,199.99,40.00 ₼ Endirim,AZN,Mövcuddur,33.33 ₼,16.67 ₼,https://digitalhome.az/products/xiaomi-poco-c71-364gb-no-nfc-black,https://digitalhome.az/storage/poco-c71-3-64gb-300x300.webp
3243,iPhone 17 Pro Max 256GB Cosmic Orange,"3,529.99","3,849.99",320.00 ₼ Endirim,AZN,Mövcuddur,641.67 ₼,320.83 ₼,https://digitalhome.az/products/iphone-17-pro-max-256gb-cosmic-orange,https://digitalhome.az/storage/iphone-17-pro-max-256gb-cosmic-orange-300x300.png
3212,Xiaomi Redmi A5 4/128GB No NFC Blue,199.99,229.99,30.00 ₼ Endirim,AZN,Mövcuddur,38.33 ₼,19.17 ₼,https://digitalhome.az/products/xiaomi-redmi-a5-4128gb-no-nfc-blue,https://digitalhome.az/storage/new-project-2025-10-20t091534082-300x300.png
3213,Xiaomi Redmi Note 14 Pro 12/512GB Aurora Purple,749.99,869.99,120.00 ₼ Endirim,AZN,Mövcuddur,145.00 ₼,72.50 ₼,https://digitalhome.az/products/xiaomi-redmi-note-14-pro-12512gb-aurora-purple,https://digitalhome.az/storage/new-project-10-4-300x300.jpg
3209,Xiaomi Redmi 15C 6/128GB No NFC Green,289.99,329.99,40.00 ₼ Endirim,AZN,Mövcuddur,55.00 ₼,27.50 ₼,https://digitalhome.az/products/xiaomi-redmi-15c-6128gb-no-nfc-green,https://digitalhome.az/storage/new-project-2025-10-20t092458316-300x300.png
3211,Xiaomi Redmi 15C 6/128GB No NFC Orange,289.99,329.99,40.00 ₼ Endirim,AZN,Mövcuddur,55.00 ₼,27.50 ₼,https://digitalhome.az/products/xiaomi-redmi-15c-6128gb-no-nfc-orange,https://digitalhome.az/storage/new-project-2025-10-20t092248958-300x300.png
3207,Xiaomi Redmi 15C 4/128GB No NFC Green,259.99,289.99,30.00 ₼ Endirim,AZN,Mövcuddur,48.33 ₼,24.17 ₼,https://digitalhome.az/products/xiaomi-redmi-15c-4128gb-no-nfc-green,https://digitalhome.az/storage/new-project-2025-10-20t092458316-1-300x300.png
3206,Xiaomi Redmi 15C 8/256GB No NFC Midnight Black,339.99,389.99,50.00 ₼ Endirim,AZN,Mövcuddur,65.00 ₼,32.50 ₼,https://digitalhome.az/products/xiaomi-redmi-15c-8256gb-no-nfc-midnight-black,https://digitalhome.az/storage/new-project-2025-10-20t092928931-300x300.png
3205,Xiaomi Redmi 15C 4/128GB No NFC Midnight Black,259.99,289.99,30.00 ₼ Endirim,AZN,Mövcuddur,48.33 ₼,24.17 ₼,https://digitalhome.az/products/xiaomi-redmi-15c-4128gb-no-nfc-midnight-black,https://digitalhome.az/storage/new-project-2025-10-20t092928931-300x300.png
3200,Xiaomi Poco C85 8/256GB No NFC Green,319.99,369.99,50.00 ₼ Endirim,AZN,Mövcuddur,61.67 ₼,30.83 ₼,https://digitalhome.az/products/xiaomi-poco-c85-8256gb-no-nfc-green,https://digitalhome.az/storage/new-project-2025-10-20t094636992-300x300.png
3201,Xiaomi Poco C85 8/256GB No NFC Purple,319.99,369.99,50.00 ₼ Endirim,AZN,Mövcuddur,61.67 ₼,30.83 ₼,https://digitalhome.az/products/xiaomi-poco-c85-8256gb-no-nfc-purple,https://digitalhome.az/storage/poco-c85-8-256gb-no-nfc-purple-300x300.webp
3202,Xiaomi Poco M7 8/256GB Black,399.99,449.99,50.00 ₼ Endirim,AZN,Mövcuddur,75.00 ₼,37.50 ₼,https://digitalhome.az/products/xiaomi-poco-m7-8256gb-black,https://digitalhome.az/storage/xiaomi-poco-m7-300x300.png
3197,Xiaomi Poco C85 6/128GB No NFC Black,279.99,319.99,40.00 ₼ Endirim,AZN,Mövcuddur,53.33 ₼,26.67 ₼,https://digitalhome.az/products/xiaomi-poco-c85-6128gb-no-nfc-black,https://digitalhome.az/storage/new-project-2025-10-20t094321668-300x300.png
3198,Xiaomi Poco C85 8/256GB No NFC Black,319.99,369.99,50.00 ₼ Endirim,AZN,Mövcuddur,61.67 ₼,30.83 ₼,https://digitalhome.az/products/xiaomi-poco-c85-8256gb-no-nfc-black,https://digitalhome.az/storage/new-project-2025-10-20t094321668-300x300.png
3199,Xiaomi Poco C85 6/128GB No NFC Green,279.99,319.99,40.00 ₼ Endirim,AZN,Mövcuddur,53.33 ₼,26.67 ₼,https://digitalhome.az/products/xiaomi-poco-c85-6128gb-no-nfc-green,https://digitalhome.az/storage/new-project-2025-10-20t094636992-300x300.png
3185,iPhone 17 256GB White,"2,249.99","2,599.99",350.00 ₼ Endirim,AZN,Mövcuddur,433.33 ₼,216.67 ₼,https://digitalhome.az/products/iphone-17-256gb-white,https://digitalhome.az/storage/new-project-2025-10-08t091151227-300x300.png
3180,Xiaomi Redmi 15 6/128GB NFC Black,379.99,429.99,50.00 ₼ Endirim,AZN,Mövcuddur,71.67 ₼,35.83 ₼,https://digitalhome.az/products/xiaomi-redmi-15-6128gb-nfc-black,https://digitalhome.az/storage/tm-dg-sbp-1105-sm-3767-1-1bf277a9-300x300.webp
3181,Xiaomi Redmi 15 6/128GB NFC Gray,379.99,429.99,50.00 ₼ Endirim,AZN,Mövcuddur,71.67 ₼,35.83 ₼,https://digitalhome.az/products/xiaomi-redmi-15-6128gb-nfc-gray,https://digitalhome.az/storage/new-project-2025-10-08t094103309-300x300.png
3179,iPhone 17 Pro 256GB Cosmic Orange,"3,249.99","3,599.99",350.00 ₼ Endirim,AZN,Mövcuddur,600.00 ₼,300.00 ₼,https://digitalhome.az/products/iphone-17-pro-256gb-cosmic-orange,https://digitalhome.az/storage/tm-dg-sbp-1105-sm-3728-1-a2e26d58-300x300.webp
3056,HONOR X7d 8/128GB Desert Gold,379.99,489.99,110.00 ₼ Endirim,AZN,Mövcuddur,81.67 ₼,40.83 ₼,https://digitalhome.az/products/honor-x7d-8128gb-desert-gold,https://digitalhome.az/storage/new-project-2025-09-10t090355869-300x300.png
3055,HONOR X7d 8/256GB Desert Gold,419.99,539.99,120.00 ₼ Endirim,AZN,Mövcuddur,90.00 ₼,45.00 ₼,https://digitalhome.az/products/honor-x7d-8256gb-desert-gold,https://digitalhome.az/storage/new-project-2025-09-10t090355869-300x300.png
3054,HONOR X7d 8/256GB Meteor Silver,419.99,539.99,120.00 ₼ Endirim,AZN,Mövcuddur,90.00 ₼,45.00 ₼,https://digitalhome.az/products/honor-x7d-8256gb-meteor-silver,https://digitalhome.az/storage/new-project-2025-09-10t091726617-300x300.png
3058,HONOR X7d 8/128GB Meteor Silver,379.99,489.99,110.00 ₼ Endirim,AZN,Mövcuddur,81.67 ₼,40.83 ₼,https://digitalhome.az/products/honor-x7d-8128gb-meteor-silver,https://digitalhome.az/storage/new-project-2025-09-10t091726617-300x300.png
3057,HONOR X7d 8/128GB Velvet Black,379.99,489.99,110.00 ₼ Endirim,AZN,Mövcuddur,81.67 ₼,40.83 ₼,https://digitalhome.az/products/honor-x7d-8128gb-velvet-black,https://digitalhome.az/storage/new-project-2025-09-11t081705125-300x300.png
3053,HONOR X7d 8/256GB Velvet Black,419.99,539.99,120.00 ₼ Endirim,AZN,Mövcuddur,90.00 ₼,45.00 ₼,https://digitalhome.az/products/honor-x7d-8256gb-velvet-black,https://digitalhome.az/storage/new-project-2025-09-11t081705125-300x300.png
3044,iPhone 16 256GB White,"2,199.99","2,449.99",250.00 ₼ Endirim,AZN,Mövcuddur,408.33 ₼,204.17 ₼,https://digitalhome.az/products/iphone-16-256gb-white,https://digitalhome.az/storage/tm-dg-sbp-1105-sm-2890-1-2aee69ca-300x300.webp
3042,iPhone 16 256GB Black,"2,199.99","2,449.99",250.00 ₼ Endirim,AZN,Mövcuddur,408.33 ₼,204.17 ₼,https://digitalhome.az/products/iphone-16-256gb-black,https://digitalhome.az/storage/tm-dg-sbp-1105-sm-2891-1-3b863e85-300x300.webp
3038,HONOR X6c 6/256GB Ocean Cyan,339.99,369.99,30.00 ₼ Endirim,AZN,Mövcuddur,61.67 ₼,30.83 ₼,https://digitalhome.az/products/honor-x6c-6256gb-ocean-cyan,https://digitalhome.az/storage/tm-dg-sbp-1105-sm-3615-1-1-94cb7045-300x300.webp
3037,Samsung Galaxy A26 (A266) 8/256GB Pink,649.99,719.99,70.00 ₼ Endirim,AZN,Mövcuddur,120.00 ₼,60.00 ₼,https://digitalhome.az/products/samsung-galaxy-a26-a266-8256gb-pink,https://digitalhome.az/storage/d0e8a8e6-8b2c-429e-9589-ef71848cdf0f-300x300.webp
3040,iPhone 16 256GB Ultramarine,"2,199.99","2,449.99",250.00 ₼ Endirim,AZN,Mövcuddur,408.33 ₼,204.17 ₼,https://digitalhome.az/products/iphone-16-256gb-ultramarine,https://digitalhome.az/storage/tm-dg-sbp-1105-sm-2887-1-2037ad79-300x300.webp
3039,iPhone 16 128GB Ultramarine,"1,969.99","2,169.99",200.00 ₼ Endirim,AZN,Mövcuddur,361.67 ₼,180.83 ₼,https://digitalhome.az/products/iphone-16-128gb-ultramarine,https://digitalhome.az/storage/tm-dg-sbp-1105-sm-2887-1-2037ad79-300x300.webp
3036,Samsung Galaxy A56 5G (A566) 8/256GB Grey,989.99,"1,099.99",110.00 ₼ Endirim,AZN,Mövcuddur,183.33 ₼,91.67 ₼,https://digitalhome.az/products/samsung-galaxy-a56-5g-a566-8256gb-grey,https://digitalhome.az/storage/tm-dg-sbp-1105-sm-3448-1-b4d6a897-300x300.webp
3024,Xiaomi Redmi Note 14 Pro + 5G 12/512GB Midnight Black,899.99,"1,149.99",250.00 ₼ Endirim,AZN,Mövcuddur,191.67 ₼,95.83 ₼,https://digitalhome.az/products/xiaomi-redmi-note-14-pro-5g-12512gb-midnight-black,https://digitalhome.az/storage/tm-dg-sbp-1105-sm-3244-1325-d2494b25-300x300.webp
3026,Xiaomi Redmi Note 14S 8/256GB Ocean Blue,579.99,649.99,70.00 ₼ Endirim,AZN,Mövcuddur,108.33 ₼,54.17 ₼,https://digitalhome.az/products/xiaomi-redmi-note-14s-8256gb-ocean-blue,https://digitalhome.az/storage/tm-dg-sbp-1105-sm-3505-100-cea49656-300x300.webp
3025,Xiaomi Redmi Note 14S 8/256GB Aurora Purple,579.99,649.99,70.00 ₼ Endirim,AZN,Mövcuddur,108.33 ₼,54.17 ₼,https://digitalhome.az/products/xiaomi-redmi-note-14s-8256gb-aurora-purple,https://digitalhome.az/storage/tm-dg-sbp-1105-sm-3452-1-1-a7e1b99a-300x300.webp
3022,Xiaomi Poco X7 Pro 12/512GB Green,949.99,"1,049.99",100.00 ₼ Endirim,AZN,Mövcuddur,175.00 ₼,87.50 ₼,https://digitalhome.az/products/xiaomi-poco-x7-pro-12512gb-green,https://digitalhome.az/storage/tm-dg-sbp-1105-sm-3410-1-071f76d5-300x300.webp
3019,Xiaomi Redmi 15C 4/256GB NFC Midnight Black,299.99,349.99,50.00 ₼ Endirim,AZN,Mövcuddur,58.33 ₼,29.17 ₼,https://digitalhome.az/products/xiaomi-redmi-15c-4256gb-nfc-midnight-black,https://digitalhome.az/storage/tm-dg-sbp-1105-sm-3633-111-9a6076aa-300x300.webp
3016,iPhone 14 128GB Red,"1,449.99","1,599.99",150.00 ₼ Endirim,AZN,Mövcuddur,266.67 ₼,133.33 ₼,https://digitalhome.az/products/iphone-14-128gb-red,https://digitalhome.az/storage/new-project-2025-08-09t214404508-300x300.png
3011,Samsung Galaxy A36 5G (A366) 8/256GB Gray,799.99,899.99,100.00 ₼ Endirim,AZN,Mövcuddur,150.00 ₼,75.00 ₼,https://digitalhome.az/products/samsung-galaxy-a36-5g-a366-8256gb-gray,https://digitalhome.az/storage/tm-dg-sbp-1105-sm-3440-1-52ad91e4-300x300.webp
3012,Samsung Galaxy A56 5G (A566) 8/256GB Light Pink,989.99,"1,099.99",110.00 ₼ Endirim,AZN,Mövcuddur,183.33 ₼,91.67 ₼,https://digitalhome.az/products/samsung-galaxy-a56-5g-a566-8256gb-light-pink,https://digitalhome.az/storage/smartfon-samsung-galaxy-a56-5g-1-300x300.webp
3009,Samsung Galaxy A16 (A165) 8/256GB Gray,379.99,429.99,50.00 ₼ Endirim,AZN,Mövcuddur,71.67 ₼,35.83 ₼,https://digitalhome.az/products/samsung-galaxy-a16-a165-8256gb-gray,https://digitalhome.az/storage/tm-dg-sbp-1105-sm-3191-1-1-01b7538a-300x300.webp
3007,Samsung Galaxy A26 (A266) 8/256GB Black,649.99,719.99,70.00 ₼ Endirim,AZN,Mövcuddur,120.00 ₼,60.00 ₼,https://digitalhome.az/products/samsung-galaxy-a26-a266-8256gb-black,https://digitalhome.az/storage/tm-dg-sbp-1105-sm-3432-1-b1769bfc-300x300.webp
3008,Samsung Galaxy A26 (A266) 8/256GB White,649.99,719.99,70.00 ₼ Endirim,AZN,Mövcuddur,120.00 ₼,60.00 ₼,https://digitalhome.az/products/samsung-galaxy-a26-a266-8256gb-white,https://digitalhome.az/storage/samsung-galaxy-a26-5g-white-1-d4acv7j-300x300.webp
2995,Infinix HOT 60i 4/128GB Black,289.99,319.99,30.00 ₼ Endirim,AZN,Mövcuddur,53.33 ₼,26.67 ₼,https://digitalhome.az/products/infinix-hot-60i-4128gb-black,https://digitalhome.az/storage/new-project-2025-08-01t084512464-300x300.png
2996,Infinix HOT 60i 4/128GB Silver,289.99,319.99,30.00 ₼ Endirim,AZN,Mövcuddur,53.33 ₼,26.67 ₼,https://digitalhome.az/products/infinix-hot-60i-4128gb-silver,https://digitalhome.az/storage/new-project-2025-08-01t084347000-300x300.png
2990,HONOR X6c 6/128GB Midnight Black,289.99,319.99,30.00 ₼ Endirim,AZN,Mövcuddur,53.33 ₼,26.67 ₼,https://digitalhome.az/products/honor-x6c-6128gb-midnight-black,https://digitalhome.az/storage/new-project-2025-08-02t211146415-300x300.png
2991,HONOR X6c 6/128GB Ocean Cyan,289.99,319.99,30.00 ₼ Endirim,AZN,Mövcuddur,53.33 ₼,26.67 ₼,https://digitalhome.az/products/honor-x6c-6128gb-ocean-cyan,https://digitalhome.az/storage/new-project-2025-08-02t211702975-300x300.png
2992,HONOR X6c 6/256GB Midnight Black,339.99,369.99,30.00 ₼ Endirim,AZN,Mövcuddur,61.67 ₼,30.83 ₼,https://digitalhome.az/products/honor-x6c-6256gb-midnight-black,https://digitalhome.az/storage/new-project-2025-08-02t211146415-300x300.png
2988,Xiaomi Redmi A5 4/128GB No NFC Gold,199.99,229.99,30.00 ₼ Endirim,AZN,Mövcuddur,38.33 ₼,19.17 ₼,https://digitalhome.az/products/xiaomi-redmi-a5-4128gb-no-nfc-gold,https://digitalhome.az/storage/tm-dg-sbp-1105-sm-3537-1-300x300.png
2987,Xiaomi Redmi A5 4/128GB No NFC Black,199.99,229.99,30.00 ₼ Endirim,AZN,Mövcuddur,38.33 ₼,19.17 ₼,https://digitalhome.az/products/xiaomi-redmi-a5-4128gb-no-nfc-black,https://digitalhome.az/storage/tm-dg-sbp-1105-sm-3506-1-300x300.png
2986,Xiaomi Redmi Note 14 8/256GB Lime Green RU,479.99,549.99,70.00 ₼ Endirim,AZN,Mövcuddur,91.67 ₼,45.83 ₼,https://digitalhome.az/products/xiaomi-redmi-note-14-8256gb-lime-green-ru,https://digitalhome.az/storage/new-project-2025-08-02t215729523-300x300.png
2972,Xiaomi Poco C71 4/128GB No NFC Gold,189.99,229.99,40.00 ₼ Endirim,AZN,Mövcuddur,38.33 ₼,19.17 ₼,https://digitalhome.az/products/xiaomi-poco-c71-4128gb-no-nfc-gold,https://digitalhome.az/storage/new-project-2025-07-15t083829279-300x300.png
2973,Xiaomi Poco C71 4/128GB No NFC Black,189.99,229.99,40.00 ₼ Endirim,AZN,Mövcuddur,38.33 ₼,19.17 ₼,https://digitalhome.az/products/xiaomi-poco-c71-4128gb-no-nfc-black,https://digitalhome.az/storage/new-project-2025-07-15t083516838-300x300.png
2960,Infinix GT 30 Pro 12/256GB Blade White,849.99,999.99,150.00 ₼ Endirim,AZN,Mövcuddur,166.67 ₼,83.33 ₼,https://digitalhome.az/products/infinix-gt-30-pro-12256gb-blade-white,https://digitalhome.az/storage/new-project-2025-07-06t122611804-300x300.png
2866,HONOR 400 Lite 8/256GB Marrs Green,649.99,719.99,70.00 ₼ Endirim,AZN,Mövcuddur,120.00 ₼,60.00 ₼,https://digitalhome.az/products/honor-400-lite-8256gb-marrs-green,https://digitalhome.az/storage/tm-dg-sbp-1105-sm-3539-1-021f5bac-300x300.webp
2867,HONOR 400 Lite 8/256GB Velvet Grey,649.99,719.99,70.00 ₼ Endirim,AZN,Mövcuddur,120.00 ₼,60.00 ₼,https://digitalhome.az/products/honor-400-lite-8256gb-velvet-grey,https://digitalhome.az/storage/new-project-67-2-300x300.png
2865,HONOR 400 Lite 8/256GB Velvet Black,649.99,719.99,70.00 ₼ Endirim,AZN,Mövcuddur,120.00 ₼,60.00 ₼,https://digitalhome.az/products/honor-400-lite-8256gb-velvet-black,https://digitalhome.az/storage/tm-dg-sbp-1105-sm-3538-1-13770ce3-300x300.webp
2832,Xiaomi Redmi Note 14 8/256GB No NFC Lime Green RU,449.99,499.99,50.00 ₼ Endirim,AZN,Mövcuddur,83.33 ₼,41.67 ₼,https://digitalhome.az/products/xiaomi-redmi-note-14-8256gb-no-nfc-lime-green-ru,https://digitalhome.az/storage/tm-dg-sbp-1105-sm-3254-21-6c461c96-300x300.webp
2825,Xiaomi Redmi Note 14 Pro 8/256GB Midnight Black,639.99,699.99,60.00 ₼ Endirim,AZN,Mövcuddur,116.67 ₼,58.33 ₼,https://digitalhome.az/products/xiaomi-redmi-note-14-pro-8256gb-midnight-black,https://digitalhome.az/storage/tm-dg-sbp-1105-sm-3238-12-e88c38fb-300x300.webp
2827,Xiaomi Redmi Note 14 Pro 12/512GB Ocean Blue,749.99,869.99,120.00 ₼ Endirim,AZN,Mövcuddur,145.00 ₼,72.50 ₼,https://digitalhome.az/products/xiaomi-redmi-note-14-pro-12512gb-ocean-blue,https://digitalhome.az/storage/tm-dg-sbp-1105-sm-3242-111-71b4373d-300x300.webp
2828,Xiaomi Redmi Note 14 Pro + 5G 12/512GB Frost Blue,899.99,"1,149.99",250.00 ₼ Endirim,AZN,Mövcuddur,191.67 ₼,95.83 ₼,https://digitalhome.az/products/xiaomi-redmi-note-14-pro-5g-12512gb-frost-blue,https://digitalhome.az/storage/tm-dg-sbp-1105-sm-3248-111-3ffeb553-300x300.webp
2829,Xiaomi Redmi Note 14S 8/256GB Midnight Black,579.99,649.99,70.00 ₼ Endirim,AZN,Mövcuddur,108.33 ₼,54.17 ₼,https://digitalhome.az/products/xiaomi-redmi-note-14s-8256gb-midnight-black,https://digitalhome.az/storage/new-project-5-1-300x300.png
2830,Xiaomi Redmi Note 14 8/256GB No NFC Ocean Blue RU,449.99,499.99,50.00 ₼ Endirim,AZN,Mövcuddur,83.33 ₼,41.67 ₼,https://digitalhome.az/products/xiaomi-redmi-note-14-8256gb-no-nfc-ocean-blue-ru,https://digitalhome.az/storage/tm-dg-sbp-1105-sm-3237-111-bad6c684-300x300.webp
2821,Xiaomi Poco X7 12/512GB Green Ru,749.99,819.99,70.00 ₼ Endirim,AZN,Mövcuddur,136.67 ₼,68.33 ₼,https://digitalhome.az/products/xiaomi-poco-x7-12512gb-green-ru,https://digitalhome.az/storage/tm-dg-sbp-1105-sm-3327-1-c5137006-300x300.webp
2823,Xiaomi Redmi A5 4/128GB No NFC Green RU,199.99,229.99,30.00 ₼ Endirim,AZN,Mövcuddur,38.33 ₼,19.17 ₼,https://digitalhome.az/products/xiaomi-redmi-a5-4128gb-no-nfc-green-ru,https://digitalhome.az/storage/tm-dg-sbp-1105-sm-3503-1-1-bad6451a-300x300.webp
2819,Samsung Galaxy A36 5G (A366) 8/256GB Light Violet,799.99,899.99,100.00 ₼ Endirim,AZN,Mövcuddur,150.00 ₼,75.00 ₼,https://digitalhome.az/products/samsung-galaxy-a36-5g-a366-8256gb-light-violet,https://digitalhome.az/storage/tm-dg-sbp-1105-sm-3442-1-707d3f7a-300x300.webp
2816,Samsung Galaxy A56 5G (A566) 8/256GB Black,989.99,"1,099.99",110.00 ₼ Endirim,AZN,Mövcuddur,183.33 ₼,91.67 ₼,https://digitalhome.az/products/samsung-galaxy-a56-5g-a566-8256gb-black,https://digitalhome.az/storage/new-project-2025-05-31t212937262-300x300.png
2817,Samsung Galaxy A56 5G (A566) 8/256GB Green,989.99,"1,099.99",110.00 ₼ Endirim,AZN,Mövcuddur,183.33 ₼,91.67 ₼,https://digitalhome.az/products/samsung-galaxy-a56-5g-a566-8256gb-green,https://digitalhome.az/storage/new-project-2025-05-31t212623183-300x300.png
2818,Samsung Galaxy A36 5G (A366) 8/256GB Black,799.99,899.99,100.00 ₼ Endirim,AZN,Mövcuddur,150.00 ₼,75.00 ₼,https://digitalhome.az/products/samsung-galaxy-a36-5g-a366-8256gb-black,https://digitalhome.az/storage/new-project-2025-05-31t212439001-300x300.png
2812,Infinix HOT 50 Pro 4G 8/256GB Titanium Grey,469.99,519.99,50.00 ₼ Endirim,AZN,Mövcuddur,86.67 ₼,43.33 ₼,https://digitalhome.az/products/infinix-hot-50-pro-4g-8256gb-titanium-grey,https://digitalhome.az/storage/new-project-2025-05-31t214525201-300x300.png
2773,Infinix HOT 50 Pro 4G 8/256GB Glacier Blue,469.99,519.99,50.00 ₼ Endirim,AZN,Mövcuddur,86.67 ₼,43.33 ₼,https://digitalhome.az/products/infinix-hot-50-pro-4g-8256gb-glacier-blue,https://digitalhome.az/storage/new-project-2025-05-16t083624308-300x300.png
2700,Samsung Galaxy S25 Ultra (S938) 12/256GB Titanium Black,"2,519.99","2,869.99",350.00 ₼ Endirim,AZN,Mövcuddur,478.33 ₼,239.17 ₼,https://digitalhome.az/products/samsung-galaxy-s25-ultra-s938-12256gb-titanium-black,https://digitalhome.az/storage/tm-dg-sbp-1105-sm-3275-1-1-88fbb154-300x300.webp
2481,Infinix HOT 50i 4G 8/256GB Sleek Black,339.99,379.99,40.00 ₼ Endirim,AZN,Mövcuddur,63.33 ₼,31.67 ₼,https://digitalhome.az/products/infinix-hot-50i-4g-8256gb-sleek-black,https://digitalhome.az/storage/infinix-hot-50i-4gb128gb-sleek-black-1-300x300.jpg
2475,iPhone 16 128GB Teal,"1,969.99","2,169.99",200.00 ₼ Endirim,AZN,Mövcuddur,361.67 ₼,180.83 ₼,https://digitalhome.az/products/iphone-16-128gb-teal,https://digitalhome.az/storage/sf-300x300.webp
2306,HONOR X8c 8/128GB Marrs Green,439.99,499.99,60.00 ₼ Endirim,AZN,Mövcuddur,83.33 ₼,41.67 ₼,https://digitalhome.az/products/honor-x8c-8128gb-marrs-green,https://digitalhome.az/storage/honor-x8c-marss-green-300x300.png
2303,HONOR X8c 8/256GB Marrs Green,529.99,599.99,70.00 ₼ Endirim,AZN,Mövcuddur,100.00 ₼,50.00 ₼,https://digitalhome.az/products/honor-x8c-8256gb-marrs-green,https://digitalhome.az/storage/new-project-2025-02-22t215946044-300x300.png
2301,HONOR X9c Smart 8/256GB White,579.99,649.99,70.00 ₼ Endirim,AZN,Mövcuddur,108.33 ₼,54.17 ₼,https://digitalhome.az/products/honor-x9c-smart-8256gb-white,https://digitalhome.az/storage/tm-dg-sbp-1105-sm-3225-1-300x300.png
2251,Xiaomi Redmi Note 14 8/256GB Ocean Blue,479.99,549.99,70.00 ₼ Endirim,AZN,Mövcuddur,91.67 ₼,45.83 ₼,https://digitalhome.az/products/xiaomi-redmi-note-14-8256gb-ocean-blue,https://digitalhome.az/storage/tm-dg-sbp-1105-sm-3237-111-bad6c684-1-300x300.webp
2196,iPhone 16 Pro Max 256GB Titanium Black,"3,299.99","3,499.99",200.00 ₼ Endirim,AZN,Mövcuddur,583.33 ₼,291.67 ₼,https://digitalhome.az/products/iphone-16-pro-max-256gb-titanium-black,https://digitalhome.az/storage/kuk-300x300.png
2192,Infinix HOT 50 Pro + 4G 8/256GB Black,549.99,599.99,50.00 ₼ Endirim,AZN,Mövcuddur,100.00 ₼,50.00 ₼,https://digitalhome.az/products/infinix-hot-50-pro-4g-8256gb-black,https://digitalhome.az/storage/tm-dg-sbp-1105-sm-3197-1-upscaled-300x300.png
2091,Realme C61 8/256GB Gold,319.99,359.99,40.00 ₼ Endirim,AZN,Mövcuddur,60.00 ₼,30.00 ₼,https://digitalhome.az/products/realme-c61-8256gb-gold,https://digitalhome.az/storage/new-project-2025-03-25t003805946-300x300.png
2078,Xiaomi Poco C75 8/256GB Green RU,189.99,339.99,150.00 ₼ Endirim,AZN,Mövcuddur,56.67 ₼,28.33 ₼,https://digitalhome.az/products/xiaomi-poco-c75-8256gb-green-ru,https://digitalhome.az/storage/poco-c75-1-9e89bb3e-300x300.webp
2072,Samsung Galaxy A16 (A165) 6/128GB Black,299.99,349.99,50.00 ₼ Endirim,AZN,Mövcuddur,58.33 ₼,29.17 ₼,https://digitalhome.az/products/samsung-galaxy-a16-a165-6128gb-black,https://digitalhome.az/storage/tm-dg-sbp-1105-sm-3167-1-2134f68c-300x300.webp
2058,HONOR X9c 12/256GB Jade Cyan,749.99,849.99,100.00 ₼ Endirim,AZN,Mövcuddur,141.67 ₼,70.83 ₼,https://digitalhome.az/products/honor-x9c-12256gb-jade-cyan,https://digitalhome.az/storage/tm-dg-sbp-1105-sm-3220-12-b0fbb4dd-300x300.webp
1948,iPhone 16 128GB Black,"1,969.99","2,169.99",200.00 ₼ Endirim,AZN,Mövcuddur,361.67 ₼,180.83 ₼,https://digitalhome.az/products/iphone-16-128gb-black,https://digitalhome.az/storage/tm-dg-sbp-1105-sm-2891-1-300x300.png
1949,iPhone 16 128GB Pink,"1,969.99","2,169.99",200.00 ₼ Endirim,AZN,Mövcuddur,361.67 ₼,180.83 ₼,https://digitalhome.az/products/iphone-16-128gb-pink,https://digitalhome.az/storage/pink-300x300.png
1919,Infinix Smart 9 4G 4/128GB Neo Titanium,219.99,249.99,30.00 ₼ Endirim,AZN,Mövcuddur,41.67 ₼,20.83 ₼,https://digitalhome.az/products/infinix-smart-9-4g-4128gb-neo-titanium,https://digitalhome.az/storage/new-project-2024-12-04t224506266-300x300.png
1920,Infinix Smart 9 4G 4/128GB Mint Green,219.99,249.99,30.00 ₼ Endirim,AZN,Mövcuddur,41.67 ₼,20.83 ₼,https://digitalhome.az/products/infinix-smart-9-4g-4128gb-mint-green,https://digitalhome.az/storage/new-project-2024-12-04t223448441-300x300.png
1922,Infinix HOT 50i 4G 4/128GB Sleek Black,269.99,299.99,30.00 ₼ Endirim,AZN,Mövcuddur,50.00 ₼,25.00 ₼,https://digitalhome.az/products/infinix-hot-50i-4g-4128gb-sleek-black,https://digitalhome.az/storage/new-project-2024-12-04t093828159-300x300.png
1874,HONOR X7c 8/256GB Midnight Black,349.99,399.99,50.00 ₼ Endirim,AZN,Mövcuddur,66.67 ₼,33.33 ₼,https://digitalhome.az/products/honor-x7c-8256gb-midnight-black,https://digitalhome.az/storage/tm-dg-sbp-1105-sm-3067-12-4922b19b-300x300.webp
1877,Infinix Zero 40 4G 8/256GB Rock Black,599.99,699.99,100.00 ₼ Endirim,AZN,Mövcuddur,116.67 ₼,58.33 ₼,https://digitalhome.az/products/infinix-zero-40-4g-8256gb-rock-black,https://digitalhome.az/storage/smartfon-infinix-zero-40-8gb256gb-4g-rock-black-1-300x300.webp
1878,Infinix Zero 40 4G 8/256GB Misty Aqua,599.99,699.99,100.00 ₼ Endirim,AZN,Mövcuddur,116.67 ₼,58.33 ₼,https://digitalhome.az/products/infinix-zero-40-4g-8256gb-misty-aqua,https://digitalhome.az/storage/smartfon-infinix-zero-40-8gb256gb-4g-misty-aqua-1-300x300.webp
1869,HONOR X5b Plus 4/128GB Midnight Black,159.99,199.99,40.00 ₼ Endirim,AZN,Mövcuddur,33.33 ₼,16.67 ₼,https://digitalhome.az/products/honor-x5b-plus-4128gb-midnight-black,https://digitalhome.az/storage/tm-dg-sbp-1105-sm-3107-15-006f43c5-300x300.webp
1863,iPhone 15 128GB Blue,"1,679.99","1,899.99",220.00 ₼ Endirim,AZN,Mövcuddur,316.67 ₼,158.33 ₼,https://digitalhome.az/products/iphone-15-128gb-blue,https://digitalhome.az/storage/tm-dg-sbp-1105-sm-2468-12-aac9f53b-300x300.webp
1731,iPhone 13 128GB Midnight,"1,229.99","1,379.99",150.00 ₼ Endirim,AZN,Mövcuddur,230.00 ₼,115.00 ₼,https://digitalhome.az/products/iphone-13-128gb-midnight,https://digitalhome.az/storage/tm-dg-sbp-1105-sm-1510-12-300x300.png
1670,Infinix HOT 50 8/128GB Grey,359.99,399.99,40.00 ₼ Endirim,AZN,Mövcuddur,66.67 ₼,33.33 ₼,https://digitalhome.az/products/infinix-hot-50-8128gb-grey,https://digitalhome.az/storage/new-project-2024-10-27t210608913-300x300.png
1667,Xiaomi 14T 5G 12/256GB Titan Gray,849.99,"1,099.99",250.00 ₼ Endirim,AZN,Mövcuddur,183.33 ₼,91.67 ₼,https://digitalhome.az/products/xiaomi-14t-5g-12256gb-titan-gray,https://digitalhome.az/storage/new-project-2024-11-13t085618432-300x300.png
1663,Infinix Note 40 Pro NFC 12/256GB BMW Grey,739.99,849.99,110.00 ₼ Endirim,AZN,Mövcuddur,141.67 ₼,70.83 ₼,https://digitalhome.az/products/infinix-note-40-pro-nfc-12256gb-bmw-grey,https://digitalhome.az/storage/new-project-2024-11-13t094312180-300x300.png
1505,Infinix HOT 40 Pro NFC 8/256GB Green,299.99,499.99,200.00 ₼ Endirim,AZN,Mövcuddur,83.33 ₼,41.67 ₼,https://digitalhome.az/products/infinix-hot-40-pro-nfc-8256gb-green,https://digitalhome.az/storage/infinix-hot-40-pro-nfc-8-256gb-green-300x300.png
1494,iPhone 15 128GB Pink,"1,679.99","1,899.99",220.00 ₼ Endirim,AZN,Mövcuddur,316.67 ₼,158.33 ₼,https://digitalhome.az/products/iphone-15-128gb-pink,https://digitalhome.az/storage/iphone-15-128gb-pink-300x300.png
1479,iPhone 14 128GB Midnight,"1,449.99","1,599.99",150.00 ₼ Endirim,AZN,Mövcuddur,266.67 ₼,133.33 ₼,https://digitalhome.az/products/iphone-14-128gb-midnight,https://digitalhome.az/storage/iphone-14-128gb-midnightnew-300x300.png
1332,Infinix GT 20 Pro 12/256GB Mecha Blue,879.99,979.99,100.00 ₼ Endirim,AZN,Mövcuddur,163.33 ₼,81.67 ₼,https://digitalhome.az/products/infinix-gt-20-pro-12256gb-mecha-blue,https://digitalhome.az/storage/infinix-gt-20-pr-12gb256gb-5g-mecha-blue-1-300x300.jpg
1057,iPhone 13 128GB Starlight,"1,229.99","1,379.99",150.00 ₼ Endirim,AZN,Mövcuddur,230.00 ₼,115.00 ₼,https://digitalhome.az/products/iphone-13-128gb-starlight,https://digitalhome.az/storage/iphone-13-128gb-starlight-300x300.webp
996,Xiaomi Redmi 13C 4/128GB Midnight Black,189.99,279.99,90.00 ₼ Endirim,AZN,Mövcuddur,46.67 ₼,23.33 ₼,https://digitalhome.az/products/xiaomi-redmi-13c-4128gb-midnight-black,https://digitalhome.az/storage/xiaomi-redmi-13c-4-128gb-midnight-black-300x300.webp
997,Xiaomi Redmi 13C 4/128GB Navy Blue,189.99,279.99,90.00 ₼ Endirim,AZN,Mövcuddur,46.67 ₼,23.33 ₼,https://digitalhome.az/products/xiaomi-redmi-13c-4128gb-navy-blue,https://digitalhome.az/storage/xiaomi-redmi-13c-4-128gb-navy-blue-300x300.webp
661,HONOR X8b 8/256GB Midnight Black,399.99,449.99,50.00 ₼ Endirim,AZN,Mövcuddur,75.00 ₼,37.50 ₼,https://digitalhome.az/products/honor-x8b-8256gb-midnight-black,https://digitalhome.az/storage/honor-x8b-midnight-black-300x300.webp
167,Xiaomi Redmi Note 13 6/128GB NFC Black,299.99,429.99,130.00 ₼ Endirim,AZN,Mövcuddur,71.67 ₼,35.83 ₼,https://digitalhome.az/products/xiaomi-redmi-note-13-6128gb-nfc-black,https://digitalhome.az/storage/xiaomi-redmi-note-13-nfc-black-300x300.jpg
168,Xiaomi Redmi Note 13 6/128GB NFC Blue,299.99,429.99,130.00 ₼ Endirim,AZN,Mövcuddur,71.67 ₼,35.83 ₼,https://digitalhome.az/products/xiaomi-redmi-note-13-6128gb-nfc-blue,https://digitalhome.az/storage/udscv-300x300.png
164,POCO C65 8/256GB Blue,194.99,249.99,55.00 ₼ Endirim,AZN,Mövcuddur,41.67 ₼,20.83 ₼,https://digitalhome.az/products/poco-c65-8256gb-blue,https://digitalhome.az/storage/new-project-2024-12-21t234101851-300x300.png
159,iPhone 15 128GB Black,"1,679.99","1,899.99",220.00 ₼ Endirim,AZN,Mövcuddur,316.67 ₼,158.33 ₼,https://digitalhome.az/products/iphone-15-128gb-black,https://digitalhome.az/storage/iphone15black-300x300.png
