product_id,name,brand,barcode,price_current,price_original,discount_amt,discount_pct,currency,installment_monthly,available,stock_qty,label,category,url,image
11847,Samsung Galaxy A17 8/256GB Gray,Samsung,SM-A175 8/256GB GRAY,459.99,569.99,110.0,,AZN,38.33,LimitedQuantity,8,,"Smartfonlar, Telefonlar",https://elitoptimal.az/telefonlar-plansetlr-v-qadcetlr/samsung-galaxy-a17-8-256gb-gray-p11847,https://static.elitoptimal.az/ElitOptimal/15fc72a5-42a5-4868-b186-973a0c4fda7a_Thumb.jpeg
11845,Samsung Galaxy S25 Ultra 12/256GB Black,Samsung,SM-S938 12/256GB BLACK,2299.99,2869.99,200.0,8.0,AZN,191.67,LimitedQuantity,6,,"Smartfonlar, Telefonlar",https://elitoptimal.az/telefonlar-plansetlr-v-qadcetlr/samsung-galaxy-s25-ultra-12-256gb-black-p11845,https://static.elitoptimal.az/ElitOptimal/46eb9735-ed5e-4a0e-be16-386802313ca0_Thumb.png
11843,Samsung Galaxy A56 8/256GB Graphite,Samsung,SM-A566 8/256GB GRAPHITE,849.99,1099.99,100.0,10.5,AZN,70.83,LimitedQuantity,15,,"Smartfonlar, Telefonlar",https://elitoptimal.az/telefonlar-plansetlr-v-qadcetlr/samsung-galaxy-a56-8-256gb-graphite-p11843,https://static.elitoptimal.az/ElitOptimal/f5b07aae-d86c-4743-b6bc-299100271e1b_Thumb.jpeg
11842,Samsung Galaxy A36 8/256GB Black,Samsung,SM-A366 8/256GB BLACK,699.99,919.99,100.0,12.5,AZN,58.33,InStock,25,,"Smartfonlar, Telefonlar",https://elitoptimal.az/telefonlar-plansetlr-v-qadcetlr/samsung-galaxy-a36-8-256gb-black-p11842,https://static.elitoptimal.az/ElitOptimal/b292143f-3879-444d-9353-73bd2aa3ed3a_Thumb.png
11841,Samsung Galaxy A36 8/128GB Black,Samsung,SM-A366 8/128 BLACK,639.99,849.99,210.0,,AZN,53.33,LimitedQuantity,4,,"Smartfonlar, Telefonlar",https://elitoptimal.az/telefonlar-plansetlr-v-qadcetlr/samsung-galaxy-a36-8-128gb-black-p11841,https://static.elitoptimal.az/ElitOptimal/fd7e0431-3d46-490f-8585-336477587f1d_Thumb.png
11838,Samsung Galaxy A26 8/256GB Black,Samsung,SM-A266 8/256GB BLACK,519.99,719.99,120.0,18.8,AZN,43.33,LimitedQuantity,13,,"Smartfonlar, Telefonlar",https://elitoptimal.az/telefonlar-plansetlr-v-qadcetlr/samsung-galaxy-a26-8-256gb-black-p11838,https://static.elitoptimal.az/ElitOptimal/c1838e67-b161-404d-bfa0-814ca9309f2a_Thumb.png
11837,Samsung Galaxy A17 4/128GB Blue,Samsung,SM-A175 4/128GB BLUE,329.99,419.99,40.0,10.8,AZN,27.5,LimitedQuantity,25,,"Smartfonlar, Telefonlar",https://elitoptimal.az/telefonlar-plansetlr-v-qadcetlr/samsung-galaxy-a17-4-128gb-blue-p11837,https://static.elitoptimal.az/ElitOptimal/93b352ba-4cba-432d-b1e3-6dc5f79e287e_Thumb.webp
11836,Samsung Galaxy A17 4/128GB Black,Samsung,SM-A175 4/128GB BLACK,329.99,419.99,40.0,10.8,AZN,27.5,LimitedQuantity,26,,"Smartfonlar, Telefonlar",https://elitoptimal.az/telefonlar-plansetlr-v-qadcetlr/samsung-galaxy-a17-4-128gb-black-p11836,https://static.elitoptimal.az/ElitOptimal/e536b569-a37f-480b-a6a0-6341a726c1bb_Thumb.webp
11835,Samsung Galaxy A07 4/64GB Green,Samsung,SM-A075 4/64GB GREEN,199.99,269.99,30.0,13.0,AZN,16.67,LimitedQuantity,24,,"Smartfonlar, Telefonlar",https://elitoptimal.az/telefonlar-plansetlr-v-qadcetlr/samsung-galaxy-a07-4-64gb-green-p11835,https://static.elitoptimal.az/ElitOptimal/529685cc-a0a9-4788-b640-eee3d7332768_Thumb.png
11834,Samsung Galaxy A07 4/64GB Black,Samsung,SM-A075 4/64GB BLACK,199.99,269.99,30.0,13.0,AZN,16.67,LimitedQuantity,23,,"Smartfonlar, Telefonlar",https://elitoptimal.az/telefonlar-plansetlr-v-qadcetlr/samsung-galaxy-a07-4-64gb-black-p11834,https://static.elitoptimal.az/ElitOptimal/f479d6c0-cd07-433d-8f77-b7a08580fdc7_Thumb.webp
11833,Samsung Galaxy A07 4/128GB Green,Samsung,SM-A075 4/128GB GREEN,229.99,309.99,80.0,,AZN,19.17,LimitedQuantity,15,,"Smartfonlar, Telefonlar",https://elitoptimal.az/telefonlar-plansetlr-v-qadcetlr/samsung-galaxy-a07-4-128gb-green-p11833,https://static.elitoptimal.az/ElitOptimal/44baf820-a62f-42fb-a905-d88290f6fb46_Thumb.png
11832,Samsung Galaxy A07 4/128GB Black,Samsung,SM-A075 4/128GB BLACK,229.99,309.99,80.0,,AZN,19.17,LimitedQuantity,18,,"Smartfonlar, Telefonlar",https://elitoptimal.az/telefonlar-plansetlr-v-qadcetlr/samsung-galaxy-a07-4-128gb-black-p11832,https://static.elitoptimal.az/ElitOptimal/5db6a2e9-cca4-41df-ae4d-17a2404d1b33_Thumb.webp
11831,Xiaomi Redmi Note 15 8/256GB Black,Xiaomi,REDMI NOTE 15 8/256GB BLACK,499.99,659.99,40.0,7.4,AZN,27.78,LimitedQuantity,10,,"Smartfonlar, Telefonlar",https://elitoptimal.az/telefonlar-plansetlr-v-qadcetlr/xiaomi-redmi-note-15-8-256gb-black-p11831,https://static.elitoptimal.az/ElitOptimal/7412519d-9be4-4d33-a18e-0272b16ad6e8_Thumb.jpeg
11716,HONOR 400 Lite 8GB/256GB Velvet Gray,Honor,400 LITE 8GB/256GB VELVET GRAY,639.99,719.99,80.0,,AZN,53.33,LimitedQuantity,6,,"Smartfonlar, Telefonlar",https://elitoptimal.az/telefonlar-plansetlr-v-qadcetlr/honor-400-lite-8gb-256gb-velvet-gray-p11716,https://static.elitoptimal.az/ElitOptimal/c16823fd-7385-41f3-8a24-0dfbf5edd339_Thumb.jpeg
11710,Telefon HONOR X9d 8GB/256GB Reddish Brown,Honor,X9D 8GB/256GB REDDISH BROWN,829.99,899.99,70.0,,AZN,69.17,InStock,17,,"Smartfonlar, Telefonlar",https://elitoptimal.az/telefonlar-plansetlr-v-qadcetlr/telephone-honor-x9d-8gb-256gb-reddish-brown-p11710,https://static.elitoptimal.az/ElitOptimal/55457fed-4012-42ce-8283-4b5339956e57_Thumb.jpeg
11709,Telefon HONOR X9d 8GB/256GB Midnight Black,Honor,X9D 8GB/256GB MIDNIGHT BLACK,829.99,899.99,70.0,,AZN,69.17,InStock,19,,"Smartfonlar, Telefonlar",https://elitoptimal.az/telefonlar-plansetlr-v-qadcetlr/telephone-honor-x9d-8gb-256gb-midnight-black-p11709,https://static.elitoptimal.az/ElitOptimal/01f28358-460a-418a-a388-05eb209d974d_Thumb.jpeg
11691,Telefon Samsung Galaxy A26 8/256GB Mint,Samsung,SM-A266BLGHCAC,519.99,719.99,200.0,,AZN,43.33,LimitedQuantity,1,,"Smartfonlar, Telefonlar",https://elitoptimal.az/telefonlar-plansetlr-v-qadcetlr/telephone-samsung-galaxy-a26-8-256gb-mint-p11691,https://static.elitoptimal.az/ElitOptimal/ddc40134-8862-41d6-9c99-7256ef0cdfd3_Thumb.jpeg
11658,Telefon HONOR X5c 4GB/64GB MIDNIGHT BLACK,Honor,X5C 4GB/64GB MIDNIGHT BLACK,219.99,239.99,20.0,,AZN,18.33,LimitedQuantity,13,,"Smartfonlar, Telefonlar",https://elitoptimal.az/telefonlar-plansetlr-v-qadcetlr/telephone-honor-x5c-4gb-64gb-midnight-black-p11658,https://static.elitoptimal.az/ElitOptimal/35cd2eb4-e286-48a4-b697-60da508ccbd2_Thumb.jpeg
11657,Telefon Xiaomi Redmi 15C 8/256 GB Mint Green,Xiaomi,REDMI 15C 8/256GB MINT GREEN,319.99,389.99,20.0,5.9,AZN,26.67,LimitedQuantity,6,,Xiaomi telefonları,https://elitoptimal.az/telefonlar-plansetlr-v-qadcetlr/telephone-xiaomi-redmi-15c-8-256-gb-mint-green-p11657,https://static.elitoptimal.az/ElitOptimal/3fe0c343-4e66-4a71-a7ea-8e0c32df3e8a_Thumb.jpeg
11611,Telefon Xiaomi Redmi 15C 8/256 GB Midnight Black,Xiaomi,REDMI 15C 8/256GB MIDNIGHT BLACK,319.99,389.99,20.0,5.9,AZN,26.67,InStock,38,,Xiaomi telefonları,https://elitoptimal.az/telefonlar-plansetlr-v-qadcetlr/telephone-xiaomi-redmi-15c-8-256-gb-midnight-black-p11611,https://static.elitoptimal.az/ElitOptimal/27c3270c-b2f0-4f9b-9c9f-47d715560f89_Thumb.jpeg
11610,Telefon Xiaomi Redmi 15 8GB/256GB Titanium Gray,Xiaomi,REDMI 15 8/256GB TITANIUM GRAY,369.99,479.99,50.0,11.9,AZN,30.83,LimitedQuantity,31,,Xiaomi telefonları,https://elitoptimal.az/telefonlar-plansetlr-v-qadcetlr/telephone-xiaomi-redmi-15-8gb-256gb-titanium-gray-p11610,https://static.elitoptimal.az/ElitOptimal/9ae620a4-6c71-4ee7-b27a-d40e501ef65f_Thumb.jpeg
11609,Telefon Xiaomi Redmi 15 8GB/256GB Midnight Black,Xiaomi,REDMI 15 8/256GB MIDNIGHT BLACK,369.99,479.99,50.0,11.9,AZN,30.83,InStock,33,,Xiaomi telefonları,https://elitoptimal.az/telefonlar-plansetlr-v-qadcetlr/telephone-xiaomi-redmi-15-8gb-256gb-midnight-black-p11609,https://static.elitoptimal.az/ElitOptimal/fe8bc847-bf91-4aee-aa2f-e05c9cc71b3d_Thumb.jpeg
11608,Telefon Xiaomi Redmi Note 14 Pro 8/256 GB Purple,Xiaomi,NOTE 14 PRO NFC 8/256GB PURPLE,569.99,699.99,130.0,,AZN,47.5,LimitedQuantity,1,,Xiaomi telefonları,https://elitoptimal.az/telefonlar-plansetlr-v-qadcetlr/telephone-xiaomi-redmi-note-14-pro-8-256-gb-purple-p11608,https://static.elitoptimal.az/ElitOptimal/1752c366-9678-40df-a5ce-86a2fe8d280b_Thumb.jpeg
11588,Telefon HONOR X7d 8GB/256GB Velvet Black,Honor,X7D 8GB/256GB VELVET BLACK,479.99,539.99,60.0,,AZN,40.0,LimitedQuantity,6,,Honor telefonları,https://elitoptimal.az/telefonlar-plansetlr-v-qadcetlr/telephone-honor-x7d-8gb-256gb-velvet-black-p11588,https://static.elitoptimal.az/ElitOptimal/ebe65122-dc86-4b64-9b1a-dcfd225ca451_Thumb.jpeg
11587,Telefon HONOR X7d 8GB/256GB Meteor Silver,Honor,X7D 8GB/256GB METEOR SILVER,479.99,539.99,60.0,,AZN,40.0,LimitedQuantity,11,,Honor telefonları,https://elitoptimal.az/telefonlar-plansetlr-v-qadcetlr/telephone-honor-x7d-8gb-256gb-meteor-silver-p11587,https://static.elitoptimal.az/ElitOptimal/e94228a7-2d4d-4ae0-9aec-a228f678aae4_Thumb.jpeg
11586,Telefon HONOR X7d 8GB/128GB Velvet Black,Honor,X7D 8GB/128GB VELVET BLACK,429.99,489.99,60.0,,AZN,35.83,LimitedQuantity,14,,Honor telefonları,https://elitoptimal.az/telefonlar-plansetlr-v-qadcetlr/telephone-honor-x7d-8gb-128gb-velvet-black-p11586,https://static.elitoptimal.az/ElitOptimal/2ece20f6-7629-4aad-a952-30697640d6d7_Thumb.jpeg
11585,Telefon HONOR X7d 8GB/128GB Meteor Silver,Honor,X7D 8GB/128GB METEOR SILVER,429.99,489.99,60.0,,AZN,35.83,LimitedQuantity,15,,Honor telefonları,https://elitoptimal.az/telefonlar-plansetlr-v-qadcetlr/telephone-honor-x7d-8gb-128gb-meteor-silver-p11585,https://static.elitoptimal.az/ElitOptimal/00837c93-a07b-4fc5-bbab-3128c5143ed5_Thumb.jpeg
11584,Telefon HONOR X6c 6GB/256GB Midnight Black,Honor,X6C 6GB/256GB MIDNIGHT BLACK,379.99,409.99,30.0,,AZN,31.67,LimitedQuantity,18,,Honor telefonları,https://elitoptimal.az/telefonlar-plansetlr-v-qadcetlr/telephone-honor-x6c-6gb-256gb-midnight-black-p11584,https://static.elitoptimal.az/ElitOptimal/40ffe44e-2f0d-4c83-8bd6-22a42ffd7d50_Thumb.jpeg
11583,Telefon HONOR X6c 6GB/128GB Midnight Black,Honor,X6C 6GB/128GB MIDNIGHT BLACK,329.99,359.99,30.0,,AZN,27.5,LimitedQuantity,20,,Honor telefonları,https://elitoptimal.az/telefonlar-plansetlr-v-qadcetlr/telephone-honor-x6c-6gb-128gb-midnight-black-p11583,https://static.elitoptimal.az/ElitOptimal/e67706c5-24f3-46e7-bea2-d6613e4b644d_Thumb.jpeg
11582,Telefon HONOR 400 Pro 12GB/256GB Midnight Black,Honor,400 PRO 12GB/256GB MIDNIGHT BLACK,1269.99,1419.99,150.0,,AZN,105.83,LimitedQuantity,7,,Honor telefonları,https://elitoptimal.az/telefonlar-plansetlr-v-qadcetlr/telephone-honor-400-pro-12gb-256gb-midnight-black-p11582,https://static.elitoptimal.az/ElitOptimal/8d2ac97f-f538-4171-8599-0c76f4327425_Thumb.jpeg
11581,Telefon HONOR 400 Lite 8GB/256GB Velvet Grey,Honor,400 LITE 8GB/256GB VELVET GREY,639.99,719.99,80.0,,AZN,53.33,LimitedQuantity,11,,Honor telefonları,https://elitoptimal.az/telefonlar-plansetlr-v-qadcetlr/telephone-honor-400-lite-8gb-256gb-velvet-grey-p11581,https://static.elitoptimal.az/ElitOptimal/123d13be-fd34-41b8-85c9-5984f5174ebd_Thumb.jpeg
11580,Telefon HONOR 400 Lite 8GB/256GB Velvet Black,Honor,400 LITE 8GB/256GB VELVET BLACK,639.99,719.99,80.0,,AZN,53.33,LimitedQuantity,12,,Honor telefonları,https://elitoptimal.az/telefonlar-plansetlr-v-qadcetlr/telephone-honor-400-lite-8gb-256gb-velvet-black-p11580,https://static.elitoptimal.az/ElitOptimal/d9bf60ae-7fd2-426f-a226-8c55ae8c20cf_Thumb.jpeg
11579,Telefon HONOR 400 8GB/256GB Midnight Black,Honor,400 8GB/256GB MIDNIGHT BLACK,929.99,1019.99,90.0,,AZN,77.5,LimitedQuantity,12,,Honor telefonları,https://elitoptimal.az/telefonlar-plansetlr-v-qadcetlr/telephone-honor-400-8gb-256gb-midnight-black-p11579,https://static.elitoptimal.az/ElitOptimal/8318fe1f-fbd0-4121-99eb-1bedea97788b_Thumb.jpeg
11467,Telefon Samsung Galaxy A26 8/256GB Mint,Samsung,SM-A266B 8/256 MINT,519.99,719.99,120.0,18.8,AZN,43.33,LimitedQuantity,3,,Samsung telefonları,https://elitoptimal.az/telefonlar-plansetlr-v-qadcetlr/telephone-samsung-galaxy-a26-8-256gb-mint-p11467,https://static.elitoptimal.az/ElitOptimal/a6660a04-7d32-4e57-ae0b-0f52ebddc448_Thumb.jpeg
11461,Samsung Galaxy A06 4/128GB Black,Samsung,SM-A065FZKGMEA,229.99,279.99,50.0,,AZN,19.17,LimitedQuantity,1,,Samsung telefonları,https://elitoptimal.az/telefonlar-plansetlr-v-qadcetlr/samsung-galaxy-a06-4-128gb-black-p11461,https://static.elitoptimal.az/ElitOptimal/819ec615-db48-4524-810f-076c55e1bf50_Thumb.jpeg
11460,Telefon Samsung Galaxy A06 4/64GB Black,Samsung,SM-A065FZKDMEA,189.99,239.99,50.0,,AZN,15.83,LimitedQuantity,3,,Samsung telefonları,https://elitoptimal.az/telefonlar-plansetlr-v-qadcetlr/telephone-samsung-galaxy-a06-4-64gb-black-p11460,https://static.elitoptimal.az/ElitOptimal/8cdc588a-649d-4ec7-b4a6-97ca99b072c8_Thumb.jpeg
11459,Telefon Samsung Galaxy A06 6/128GB Light Blue,Samsung,SM-A065FLBHMEA,239.99,289.99,50.0,,AZN,20.0,LimitedQuantity,1,,Samsung telefonları,https://elitoptimal.az/telefonlar-plansetlr-v-qadcetlr/telephone-samsung-galaxy-a06-6-128gb-light-blue-p11459,https://static.elitoptimal.az/ElitOptimal/db1dbdb1-5f87-4b8b-ac0d-bb6144c13db1_Thumb.jpeg
11457,Telefon Samsung Galaxy A06 4/64GB Light Blue,Samsung,SM-A065FLBDMEA,189.99,239.99,50.0,,AZN,15.83,LimitedQuantity,2,,Samsung telefonları,https://elitoptimal.az/telefonlar-plansetlr-v-qadcetlr/telephone-samsung-galaxy-a06-4-64gb-light-blue-p11457,https://static.elitoptimal.az/ElitOptimal/566d8355-c336-4747-b2be-a82c38cc7149_Thumb.jpeg
11455,Telefon Samsung Galaxy A16 4/128GB Light Green,Samsung,SM-165FLGDMEA,319.99,359.99,40.0,,AZN,26.67,LimitedQuantity,1,,Samsung telefonları,https://elitoptimal.az/telefonlar-plansetlr-v-qadcetlr/telephone-samsung-galaxy-a16-4-128gb-light-green-p11455,https://static.elitoptimal.az/ElitOptimal/2dfcbd28-4edb-4163-8d5e-278bc01f4f79_Thumb.jpeg
11454,Telefon Xiaomi Redmi Note 14 8/256GB Ocean Blue,Xiaomi,NOTE 14 8/256 OCEAN BLUE,429.99,549.99,60.0,12.2,AZN,35.83,LimitedQuantity,1,,Xiaomi telefonları,https://elitoptimal.az/telefonlar-plansetlr-v-qadcetlr/telephone-xiaomi-redmi-note-14-8-256gb-ocean-blue-p11454,https://static.elitoptimal.az/ElitOptimal/e2d80aa2-c187-470c-a4a4-ca410f9c2f00_Thumb.jpeg
11453,Telefon Xiaomi Redmi Note 14 8/256GB Black,Xiaomi,NOTE 14 8/256 MIDN BLACK,429.99,549.99,60.0,12.2,AZN,35.83,LimitedQuantity,12,,Xiaomi telefonları,https://elitoptimal.az/telefonlar-plansetlr-v-qadcetlr/telephone-xiaomi-redmi-note-14-8-256gb-black-p11453,https://static.elitoptimal.az/ElitOptimal/ad9c535d-c9cb-4ede-83b1-28cdc704de97_Thumb.jpeg
11452,Telefon Xiaomi Redmi Note 14 8/256GB Lime Green,Xiaomi,NOTE 14 8/256 LIME GREEN,429.99,549.99,60.0,12.2,AZN,35.83,LimitedQuantity,17,,Xiaomi telefonları,https://elitoptimal.az/telefonlar-plansetlr-v-qadcetlr/telephone-xiaomi-redmi-note-14-8-256gb-lime-green-p11452,https://static.elitoptimal.az/ElitOptimal/b4c55a01-9869-4ba6-9590-3080f35e99a8_Thumb.jpeg
11451,Telefon Xiaomi Redmi Note 14 6/128GB Black,Xiaomi,NOTE 14 6/128 MIDN BLACK,379.99,479.99,100.0,,AZN,31.67,LimitedQuantity,1,,Xiaomi telefonları,https://elitoptimal.az/telefonlar-plansetlr-v-qadcetlr/telephone-xiaomi-redmi-note-14-6-128gb-black-p11451,https://static.elitoptimal.az/ElitOptimal/784e1fc4-480a-44e5-b07a-d2e40e770525_Thumb.jpeg
11450,Telefon Xiaomi Poco C71 4/128GB Blue,Xiaomi,C71 4/128 BLUE,209.99,269.99,60.0,,AZN,17.5,LimitedQuantity,4,,Xiaomi telefonları,https://elitoptimal.az/telefonlar-plansetlr-v-qadcetlr/telephone-xiaomi-poco-c71-4-128gb-blue-p11450,https://static.elitoptimal.az/ElitOptimal/96e24a6a-dbf9-4300-96b0-559346d660b3_Thumb.jpeg
11449,Telefon Xiaomi Poco C71 4/128GB Black,Xiaomi,C71 4/128 BLACK,209.99,269.99,60.0,,AZN,17.5,InStock,25,,Xiaomi telefonları,https://elitoptimal.az/telefonlar-plansetlr-v-qadcetlr/telephone-xiaomi-poco-c71-4-128gb-black-p11449,https://static.elitoptimal.az/ElitOptimal/d655872e-0733-42e1-90e5-62e3bb5a1487_Thumb.jpeg
11448,Telefon Xiaomi Redmi A5 3/64GB Midnight Black,Xiaomi,A5 3/64 MIDN BLACK,179.99,229.99,10.0,5.3,AZN,15.0,LimitedQuantity,18,,Xiaomi telefonları,https://elitoptimal.az/telefonlar-plansetlr-v-qadcetlr/telephone-xiaomi-redmi-a5-3-64gb-midnight-black-p11448,https://static.elitoptimal.az/ElitOptimal/9df26d8e-011b-4087-8bb3-27a507e95b28_Thumb.jpeg
11308,Telefon Samsung Galaxy АЗ5 8/256GB Lilac,Samsung,SM-A356ELVGSKZ-,629.99,799.99,170.0,,AZN,52.5,LimitedQuantity,1,,Samsung telefonları,https://elitoptimal.az/telefonlar-plansetlr-v-qadcetlr/telephone-samsung-galaxy-az5-8-256gb-lilac-p11308,https://static.elitoptimal.az/ElitOptimal/4720aaf8-8807-466b-9e69-dbcd23fc8320_Thumb.jpeg
11305,Telefon Xiaomi Redmi Note 14 Pro NFC 8/256GB blue,Xiaomi,REDMI NOTE 14 PRO NFC 8/256GB BLUE-,569.99,699.99,130.0,,AZN,47.5,LimitedQuantity,2,,Xiaomi telefonları,https://elitoptimal.az/telefonlar-plansetlr-v-qadcetlr/telephone-xiaomi-redmi-note-14-pro-nfc-8-256gb-blue-p11305,https://static.elitoptimal.az/ElitOptimal/1c4a12b6-64dd-4896-98de-f979d7c1589e_Thumb.jpeg
11296,Telefon Xiaomi Redmi Note 14 Pro Plus NFC 12/512 purple,Xiaomi,NOTE 14PRO PLUS NFC 12/512GB PURPL-,999.99,1199.99,200.0,,AZN,83.33,LimitedQuantity,6,,"Smartfonlar, Telefonlar",https://elitoptimal.az/telefonlar-plansetlr-v-qadcetlr/telephone-xiaomi-redmi-note-14-pro-plus-nfc-12-512-purple-p11296,https://static.elitoptimal.az/ElitOptimal/8c17f75d-9268-46da-81f4-b3d4cfbea622_Thumb.jpeg
11295,Telefon Xiaomi Redmi Note 14 Pro Plus NFC 12/512 black,XIAOMI,NOTE 14PRO PLUS NFC 12/512GB BLACK-,999.99,1199.99,200.0,,AZN,83.33,LimitedQuantity,2,,"Smartfonlar, Telefonlar",https://elitoptimal.az/telefonlar-plansetlr-v-qadcetlr/telephone-xiaomi-redmi-note-14-pro-plus-nfc-12-512-p11295,https://static.elitoptimal.az/ElitOptimal/b59a723d-52e1-40f7-a9cf-23521e5e0091_Thumb.jpeg
11294,Telefon Xiaomi Redmi Note 14 Pro Plus NFC 12/512 blue,Xiaomi,NOTE 14 PRO PLUS NFC 12/512GB BLUE-,999.99,1199.99,200.0,,AZN,83.33,LimitedQuantity,13,,Xiaomi telefonları,https://elitoptimal.az/telefonlar-plansetlr-v-qadcetlr/telephone-xiaomi-redmi-note-14-pro-plus-nfc-12-512-blue-p11294,https://static.elitoptimal.az/ElitOptimal/fbc8ea05-5520-490e-9d75-5b8e3c97fee8_Thumb.jpeg
11293,Telefon Xiaomi Redmi Note 14 Pro NFC 8/256GB purple,Xiaomi,NOTE 14 PRO NFC 8/256GB PURPLE-,569.99,699.99,130.0,,AZN,47.5,LimitedQuantity,3,,Xiaomi telefonları,https://elitoptimal.az/telefonlar-plansetlr-v-qadcetlr/telephone-xiaomi-redmi-note-14-pro-nfc-8-256gb-purple-p11293,https://static.elitoptimal.az/ElitOptimal/3a372ce8-c83b-49d5-85d8-a71d8c707f44_Thumb.jpeg
11226,Telefon Cubot P80 8/256 GB Black,Cubot,P80 8/256 GB BLACK,399.99,489.99,90.0,,AZN,33.33,LimitedQuantity,1,,Cubot telefonları,https://elitoptimal.az/telefonlar-plansetlr-v-qadcetlr/telephone-cubot-p80-8-256-gb-black-p11226,https://static.elitoptimal.az/ElitOptimal/d46ab79c-cd60-4946-9623-888efc47209d_Thumb.jpeg
11173,Telefon Oukitel WP35 8/256 GB Grey,OUKITEL,WP35 8/256 GB GREY,629.99,799.99,170.0,,AZN,52.5,LimitedQuantity,1,,Oukitel telefonları,https://elitoptimal.az/telefonlar-plansetlr-v-qadcetlr/telephone-oukitel-wp35-8-256-gb-grey-p11173,https://static.elitoptimal.az/ElitOptimal/18d44bad-3322-4691-851b-87eeb657126a_Thumb.jpeg
11172,Telefon Oukitel WP35 8/256 GB Green,OUKITEL,WP35 8/256 GB GREEN,629.99,799.99,170.0,,AZN,52.5,LimitedQuantity,7,,Oukitel telefonları,https://elitoptimal.az/telefonlar-plansetlr-v-qadcetlr/telephone-oukitel-wp35-8-256-gb-green-p11172,https://static.elitoptimal.az/ElitOptimal/834342db-627e-4406-90a9-2bf43ddf721d_Thumb.jpeg
11169,Telefon Oukitel C50 8/128 GB Black,OUKITEL,C50 8/128 GB BLACK,319.99,419.99,100.0,,AZN,26.67,LimitedQuantity,12,,Oukitel telefonları,https://elitoptimal.az/telefonlar-plansetlr-v-qadcetlr/telephone-oukitel-c50-8-128-gb-black-p11169,https://static.elitoptimal.az/ElitOptimal/2861a5c6-392b-4674-8dd3-bf23ff944dbb_Thumb.jpeg
11168,Telefon Oukitel C38 6/256 GB White,OUKITEL,C38 6/256 GB WHITE,319.99,419.99,100.0,,AZN,26.67,LimitedQuantity,17,,Oukitel telefonları,https://elitoptimal.az/telefonlar-plansetlr-v-qadcetlr/telephone-oukitel-c38-6-256-gb-white-p11168,https://static.elitoptimal.az/ElitOptimal/88329e78-e364-4e64-8b0c-ef049f0bd01a_Thumb.jpeg
11167,Telefon Oukitel C38 6/256 GB Black,OUKITEL,C38 6/256 GB BLACK,319.99,419.99,100.0,,AZN,26.67,LimitedQuantity,14,,Oukitel telefonları,https://elitoptimal.az/telefonlar-plansetlr-v-qadcetlr/telephone-oukitel-c38-6-256-gb-black-p11167,https://static.elitoptimal.az/ElitOptimal/1955ed7c-6139-49f3-9e28-8e5a56898498_Thumb.jpeg
11166,Telefon Oukitel C35 12/256 GB Blue,OUKITEL,C35 12/256 GB BLUE,299.99,419.99,120.0,,AZN,25.0,LimitedQuantity,16,,Oukitel telefonları,https://elitoptimal.az/telefonlar-plansetlr-v-qadcetlr/telephone-oukitel-c35-12-256-gb-blue-p11166,https://static.elitoptimal.az/ElitOptimal/fe283c59-7336-481c-9c17-9bea3cac1f61_Thumb.jpeg
11165,Telefon Oukitel C35 12/256 GB Black,OUKITEL,C35 12/256 GB BLACK,299.99,419.99,120.0,,AZN,25.0,LimitedQuantity,13,,Oukitel telefonları,https://elitoptimal.az/telefonlar-plansetlr-v-qadcetlr/telephone-oukitel-c35-12-256-gb-black-p11165,https://static.elitoptimal.az/ElitOptimal/628a0a26-c0d7-4a5d-8b46-54626841e03f_Thumb.jpeg
11160,Telefon Honor Magic7 12GB/256GB Black,Honor,MAGIC7 12GB/256GB BLACK,1499.99,2199.99,700.0,,AZN,250.0,LimitedQuantity,1,,"Smartfonlar, Telefonlar",https://elitoptimal.az/telefonlar-plansetlr-v-qadcetlr/telephone-honor-magic7-12gb-256gb-black-p11160,https://static.elitoptimal.az/ElitOptimal/795241ed-1580-4240-9f08-937674e581cd_Thumb.jpeg
11003,Telefon Honor X8c 8GB/256GB Midnight Black,Honor,X8C 8GB/256GB MIDNIGHT BLACK,479.99,599.99,120.0,,AZN,80.0,LimitedQuantity,8,,Honor telefonları,https://elitoptimal.az/telefonlar-plansetlr-v-qadcetlr/telephone-honor-x8c-8gb-256gb-midnight-black-p11003,https://static.elitoptimal.az/ElitOptimal/7cb656a3-7d2f-49db-b5c2-02d91bf92fd5_Thumb.png
10999,Telefon Honor X8c 8GB/128GB Marrs Green,Honor,X8C 8GB/128GB MARRS GREEN,399.99,499.99,100.0,,AZN,66.66,LimitedQuantity,15,,Honor telefonları,https://elitoptimal.az/telefonlar-plansetlr-v-qadcetlr/telephone-honor-x8c-8gb-128gb-marrs-green-p10999,https://static.elitoptimal.az/ElitOptimal/f98b391a-3bcb-4d7e-9a11-01e331e316b6_Thumb.png
10916,Telefon Samsung Galaxy A55 8/128GB Dark Blue,Samsung,SM-A556EZKVMEA-,749.99,849.99,100.0,,AZN,62.5,LimitedQuantity,2,,Samsung telefonları,https://elitoptimal.az/telefonlar-plansetlr-v-qadcetlr/telephone-samsung-galaxy-a55-8-128gb-dark-blue-p10916,https://static.elitoptimal.az/ElitOptimal/50dff431-f3d9-4a2c-90aa-4a5acb8fbf1c_Thumb.png
10915,Telefon Samsung Galaxy А55 8/256GB Light Blue,Samsung,SM-A556ELBWMEA-,799.99,949.99,150.0,,AZN,66.67,LimitedQuantity,1,,Samsung telefonları,https://elitoptimal.az/telefonlar-plansetlr-v-qadcetlr/telephone-samsung-galaxy-a55-8-256gb-light-blue-p10915,https://static.elitoptimal.az/ElitOptimal/611cc2ba-1fea-499c-bd38-f4ab886684c3_Thumb.png
10914,Telefon Samsung Galaxy А55 8/128GB Light Blue,Samsung,SM-A556ELBVMEA-,749.99,849.99,100.0,,AZN,62.5,LimitedQuantity,8,,Samsung telefonları,https://elitoptimal.az/telefonlar-plansetlr-v-qadcetlr/telephone-samsung-galaxy-a55-8-128gb-light-blue-p10914,https://static.elitoptimal.az/ElitOptimal/15fb8840-95ae-4a70-a488-5ed0614d3938_Thumb.png
10913,Telefon Samsung Galaxy АЗ5 8/256GB Dark Blue,Samsung,SM-A356EZKVMEA-,629.99,799.99,170.0,,AZN,52.5,LimitedQuantity,1,,Samsung telefonları,https://elitoptimal.az/telefonlar-plansetlr-v-qadcetlr/telephone-samsung-galaxy-az5-8-256gb-dark-blue-p10913,https://static.elitoptimal.az/ElitOptimal/7ea2c8ee-4b70-4b9b-8844-3d9d6e82a0f1_Thumb.png
10912,Telefon Samsung Galaxy А35 8/256GB Light Blue,Samsung,SM-A356ELBVMEA-,629.99,799.99,170.0,,AZN,52.5,LimitedQuantity,3,,Samsung telefonları,https://elitoptimal.az/telefonlar-plansetlr-v-qadcetlr/telephone-samsung-galaxy-a35-8-256gb-light-blue-p10912,https://static.elitoptimal.az/ElitOptimal/8a4c554c-9112-4874-ba11-c2df33c06dfd_Thumb.jpeg
10907,Telefon Samsung Galaxy А06 4/64GB Gold,Samsung,SM-A065FZDDMEA-,199.99,239.99,40.0,,AZN,16.67,LimitedQuantity,2,,Samsung telefonları,https://elitoptimal.az/telefonlar-plansetlr-v-qadcetlr/telephone-samsung-galaxy-a06-4-64gb-gold-p10907,https://static.elitoptimal.az/ElitOptimal/ef5db730-0186-436a-843d-ddd5da242051_Thumb.png
10906,Telefon Samsung Galaxy А06 4/128GB Light Blue,Samsung,SM-A065FLBGMEA-,239.99,279.99,40.0,,AZN,20.0,LimitedQuantity,1,,Samsung telefonları,https://elitoptimal.az/telefonlar-plansetlr-v-qadcetlr/telephone-samsung-galaxy-a06-4-128gb-light-blue-p10906,https://static.elitoptimal.az/ElitOptimal/55d58beb-8ea1-494c-a605-8469eb493f16_Thumb.png
10905,Telefon Sаmsuпg Galaxy А06 4/64GB Light Blue,Samsung,SM-A065FLBDMEA-,199.99,239.99,40.0,,AZN,16.67,LimitedQuantity,2,,Samsung telefonları,https://elitoptimal.az/telefonlar-plansetlr-v-qadcetlr/telephone-samsupg-galaxy-a06-4-64gb-light-blue-p10905,https://static.elitoptimal.az/ElitOptimal/971b1f0d-a769-4a04-84a2-5aa0a6727142_Thumb.jpeg
10888,Telefon Samsung Galaxy A25 6/128GB Light Blue,Samsung,SM-A256ELBDCAU,449.99,519.99,70.0,,AZN,75.0,LimitedQuantity,1,,Samsung telefonları,https://elitoptimal.az/telefonlar-plansetlr-v-qadcetlr/telephone-samsung-galaxy-a25-6-128gb-light-blue-p10888,https://static.elitoptimal.az/ElitOptimal/0a558b4f-eae3-4edc-96e4-3d7b93dda84d_Thumb.png
10818,Telefon Honor X9c Smart 8GB/256GB Ocean Cyan,Honor,X9C SMART 8GB/256GB OCEAN CYAN,579.99,649.99,70.0,,AZN,48.33,LimitedQuantity,2,,Honor telefonları,https://elitoptimal.az/telefonlar-plansetlr-v-qadcetlr/telephone-honor-x9c-smart-8gb-256gb-ocean-cyan-p10818,https://static.elitoptimal.az/ElitOptimal/850ee35e-9a2f-4037-a5d7-be6eff91d525_Thumb.png
10817,Telefon Honor X9c Smart 8GB/256GB Moonlight White,Honor,X9C SMART 8GB/256GB MOONLIGHT WHITE,579.99,649.99,70.0,,AZN,48.33,LimitedQuantity,5,,Honor telefonları,https://elitoptimal.az/telefonlar-plansetlr-v-qadcetlr/telephone-honor-x9c-smart-8gb-256gb-moonlight-white-p10817,https://static.elitoptimal.az/ElitOptimal/e3691996-1879-451a-a60a-56a94e963243_Thumb.png
10816,Telefon Honor X9c Smart 8GB/256GB Midnight Black,Honor,X9C SMART 8GB/256GB MIDNIGHT BLACK,579.99,649.99,70.0,,AZN,48.33,LimitedQuantity,1,,Honor telefonları,https://elitoptimal.az/telefonlar-plansetlr-v-qadcetlr/telephone-honor-x9c-smart-8gb-256gb-midnight-black-p10816,https://static.elitoptimal.az/ElitOptimal/0b37c73d-f04b-422d-b292-25854c1b339f_Thumb.png
10812,Telefon Honor X9c 12GB/256GB Jade Cyan,Honor,X9C 12GB/256GB JADE CYAN,749.99,849.99,100.0,,AZN,62.5,LimitedQuantity,1,,Honor telefonları,https://elitoptimal.az/telefonlar-plansetlr-v-qadcetlr/telephone-honor-x9c-12gb-256gb-jade-cyan-p10812,https://static.elitoptimal.az/ElitOptimal/ec81ad75-1b9f-4e43-994e-f48266a1d603_Thumb.png
10610,Telefon Xiaomi 14T 12GB/256GB Titan Black,Xiaomi,14T 12GB/256GB TITAN BLACK,1049.99,1199.99,150.0,,AZN,87.5,LimitedQuantity,3,,Xiaomi telefonları,https://elitoptimal.az/telefonlar-plansetlr-v-qadcetlr/telephone-xiaomi-14t-12gb-256gb-titan-black-p10610,https://static.elitoptimal.az/ElitOptimal/be43f134-beb3-4c23-85f5-33f81d7ce272_Thumb.png
10389,Telefon iPhone 16 256GB Ultramarine,Apple,MYEH3HX/A,2299.99,2499.99,200.0,,AZN,383.33,LimitedQuantity,1,,Apple smartfonları,https://elitoptimal.az/telefonlar-plansetlr-v-qadcetlr/telephone-iphone-16-256gb-ultramarine-p10389,https://static.elitoptimal.az/ElitOptimal/e645c3bc-7cd1-4cc0-b5b7-9a628d7cb78a_Thumb.jpeg
10320,Telefon Samsung Galaxy A06 4/64GB Black,Samsung,SM-A065FZKDCAU,189.99,239.99,50.0,,AZN,31.66,LimitedQuantity,1,,Samsung telefonları,https://elitoptimal.az/telefonlar-plansetlr-v-qadcetlr/telephone-samsung-galaxy-a06-4-64gb-black-p10320,https://static.elitoptimal.az/ElitOptimal/a75a60ff-d1c7-4361-b4e6-162e93765c53_Thumb.png
10319,Telefon Samsung Galaxy A06 4/64GB Gold,Samsung,SM-A065FZDDCAU,189.99,239.99,50.0,,AZN,31.66,LimitedQuantity,3,,Samsung telefonları,https://elitoptimal.az/telefonlar-plansetlr-v-qadcetlr/telephone-samsung-galaxy-a06-4-64gb-gold-p10319,https://static.elitoptimal.az/ElitOptimal/8b718119-dc42-425b-b434-c7fac8f76ea1_Thumb.png
10317,Telefon Samsung Galaxy A06 4/64GB Light Blue,Samsung,SM-A065FLBDCAU,189.99,239.99,50.0,,AZN,31.66,LimitedQuantity,2,,Samsung telefonları,https://elitoptimal.az/telefonlar-plansetlr-v-qadcetlr/telephone-samsung-galaxy-a06-4-64gb-light-blue-p10317,https://static.elitoptimal.az/ElitOptimal/d532967a-0ac6-4a48-8e43-4173240c166d_Thumb.png
10292,Telefon Samsung Galaxy A55 8/128GB Black,Samsung,SM-A556EZKACAU,749.99,849.99,100.0,,AZN,125.0,LimitedQuantity,8,,Samsung telefonları,https://elitoptimal.az/telefonlar-plansetlr-v-qadcetlr/telephone-samsung-galaxy-a55-8-128gb-black-p10292,https://static.elitoptimal.az/ElitOptimal/73a41860-6bb0-4ae8-b18f-6bf2443bb7c0_Thumb.png
10291,Telefon Samsung Galaxy A55 8/128GB Light Blue,Samsung,SM-A556ELBACAU,749.99,849.99,100.0,,AZN,125.0,LimitedQuantity,6,,Samsung telefonları,https://elitoptimal.az/telefonlar-plansetlr-v-qadcetlr/telephone-samsung-galaxy-a55-8-128gb-light-blue-p10291,https://static.elitoptimal.az/ElitOptimal/a310852a-9735-48ba-a0a2-cbb415a1a813_Thumb.png
10164,Telefon Honor 200 Pro 12GB/512GB Moonlight White,Honor,200 PRO 12GB/512GB MOONLIGHT WHITE,1299.99,1499.99,200.0,,AZN,216.66,LimitedQuantity,2,,Honor telefonları,https://elitoptimal.az/telefonlar-plansetlr-v-qadcetlr/telephone-200-pro-12gb-512gb-moonlight-white-p10164,https://static.elitoptimal.az/ElitOptimal/cc3c88df-8d98-4c3e-80e2-faac3835eee6_Thumb.png
10163,Telefon Honor 200 Pro 12GB/512GB Black,Honor,200 PRO 12GB/512GB BLACK,1299.99,1499.99,200.0,,AZN,216.66,LimitedQuantity,1,,Honor telefonları,https://elitoptimal.az/telefonlar-plansetlr-v-qadcetlr/telephone-honor-200-pro-12gb-512gb-black-p10163,https://static.elitoptimal.az/ElitOptimal/5540c6d1-ba16-4988-99a4-a00007f274f4_Thumb.png
10162,Telefon Honor 200 8GB/256GB Emerald Green,Honor,200 8GB/256GB EMERALD GREEN,799.99,949.99,150.0,,AZN,133.33,LimitedQuantity,2,,Honor telefonları,https://elitoptimal.az/telefonlar-plansetlr-v-qadcetlr/telephone-honor-200-8gb-256gb-emerald-green-p10162,https://static.elitoptimal.az/ElitOptimal/1af5fccc-80ba-4097-bde0-1b983d9f094f_Thumb.png
10145,Telefon Honor 200 8GB/256GB Black,Honor,200 8GB/256GB BLACK,799.99,949.99,150.0,,AZN,133.33,LimitedQuantity,3,,Honor telefonları,https://elitoptimal.az/telefonlar-plansetlr-v-qadcetlr/telephone-honor-200-8gb-256gb-black-p10145,https://static.elitoptimal.az/ElitOptimal/88b1f7b6-9aa2-4c77-bca3-59dfc9b19bbf_Thumb.png
10045,Telefon Samsung Galaxy A55 8/256GB Light Blue,Samsung,SM-A556ELBCCAU,799.99,949.99,150.0,,AZN,133.33,LimitedQuantity,3,,"Smartfonlar, Telefonlar",https://elitoptimal.az/telefonlar-plansetlr-v-qadcetlr/telephone-samsung-galaxy-a55-8-256gb-light-blue-p10045,https://static.elitoptimal.az/ElitOptimal/fd3028de-9e09-429e-8333-835e2b4bdbb4_Thumb.jpeg
9994,Telefon İnfinix Zero 30 8/256G White,Infinix,ZERO 30 8/256G WHITE,549.99,699.99,150.0,,AZN,45.83,LimitedQuantity,1,,"Smartfonlar, Telefonlar",https://elitoptimal.az/telefonlar-plansetlr-v-qadcetlr/telephone-nfinix-zero-30-8-256g-white-p9994,https://static.elitoptimal.az/ElitOptimal/5c4a12e2-efd9-45ee-9b04-9a664177aeda_Thumb.jpeg
9981,Telefon Honor Magic 6 Pro 12GB/512GB Epi Green,Honor,MAGIC 6 PRO 12GB/512GB SAGE GREEN,1999.99,2099.99,100.0,,AZN,166.67,LimitedQuantity,3,,"Smartfonlar, Telefonlar",https://elitoptimal.az/telefonlar-plansetlr-v-qadcetlr/telephone-honor-magic-6-pro-12gb-512gb-epi-green-p9981,https://static.elitoptimal.az/ElitOptimal/8396fdde-27fb-493d-b668-0a89dad1d1d5_Thumb.jpeg
9980,Telefon Honor Magic 6 Pro 12GB/512GB Black,Honor,MAGIC 6 PRO 12GB/512GB BLACK,1999.99,2099.99,100.0,,AZN,166.67,LimitedQuantity,3,,"Smartfonlar, Telefonlar",https://elitoptimal.az/telefonlar-plansetlr-v-qadcetlr/telephone-honor-magic-6-pro-12gb-512gb-black-p9980,https://static.elitoptimal.az/ElitOptimal/b0d08cef-a2f1-4cfa-95e4-fcf024bd422f_Thumb.jpeg
9926,Telefon Samsung Galaxy A35 8/256GB Light Blue,Samsung,SM-A356ELBGCAU,589.99,799.99,210.0,,AZN,98.33,LimitedQuantity,1,,"Smartfonlar, Telefonlar",https://elitoptimal.az/telefonlar-plansetlr-v-qadcetlr/telephone-samsung-galaxy-a35-8-256gb-light-blue-p9926,https://static.elitoptimal.az/ElitOptimal/684a932e-b3c9-40d0-acbf-a14f9768d07b_Thumb.jpeg
9811,Telefon İnfinix Note 40 Pro NFC 12/256GB Gold,Infinix,NOTE 40 PRO NFC 12/256GB GOLD,539.99,599.99,60.0,,AZN,90.0,LimitedQuantity,1,,"Smartfonlar, Telefonlar",https://elitoptimal.az/telefonlar-plansetlr-v-qadcetlr/telephone-nfinix-note-40-pro-nfc-12-256gb-gold-p9811,https://static.elitoptimal.az/ElitOptimal/89ecea47-1553-47b7-93f6-43af85c02cc9_Thumb.jpeg
9809,Telefon İnfinix Note 40 NFC 8/256GB Black,Infinix,NOTE 40 NFC 8/256GB BLACK,529.99,649.99,120.0,,AZN,44.17,LimitedQuantity,2,,"Smartfonlar, Telefonlar",https://elitoptimal.az/telefonlar-plansetlr-v-qadcetlr/telephone-nfinix-note-40-nfc-8-256gb-black-p9809,https://static.elitoptimal.az/ElitOptimal/3bd56e2e-cda6-42f6-8efd-a066cef4fe94_Thumb.jpeg
9808,Telefon İnfinix Hot 40İ 8/128GB Black,Infinix,HOT 40I 8/128GB BLACK,229.99,249.99,20.0,,AZN,38.33,LimitedQuantity,1,,"Smartfonlar, Telefonlar",https://elitoptimal.az/telefonlar-plansetlr-v-qadcetlr/telephone-nfinix-hot-40-8-128gb-black-p9808,https://static.elitoptimal.az/ElitOptimal/03ed48b2-bcab-4185-b7a4-c80cb17e8968_Thumb.jpeg
9622,Telefon Xiaomi Redmi Note 13 Pro+ 8/256GB White,Xiaomi,REDMI NOTE 13 PRO+ 8/256GB WHITE,699.99,799.99,100.0,,AZN,116.66,LimitedQuantity,3,,Xiaomi telefonları,https://elitoptimal.az/telefonlar-plansetlr-v-qadcetlr/telephone-xiaomi-redmi-note-13-pro-8-256gb-white-p9622,https://static.elitoptimal.az/ElitOptimal/2d6af293-875f-4937-8c35-91c0f1776482_Thumb.png
9621,Telefon Xiaomi Redmi Note 13 Pro+ 8/256GB Black,Xiaomi,REDMI NOTE 13 PRO+ 8/256GB BLACK,699.99,799.99,100.0,,AZN,116.66,LimitedQuantity,1,,"Smartfonlar, Telefonlar",https://elitoptimal.az/telefonlar-plansetlr-v-qadcetlr/telephone-xiaomi-redmi-note-13-pro-8-256gb-black-p9621,https://static.elitoptimal.az/ElitOptimal/77e620ed-1db6-4ac3-90ee-611716376624_Thumb.jpeg
9620,Telefon Xiaomi Redmi Note 13 Pro+ 12/512GB White,Xiaomi,REDMI NOTE 13 PRO+ 12/512GB WHITE,799.99,999.99,200.0,,AZN,133.33,LimitedQuantity,2,,"Smartfonlar, Telefonlar",https://elitoptimal.az/telefonlar-plansetlr-v-qadcetlr/telephone-xiaomi-redmi-note-13-pro-12-512gb-white-p9620,https://static.elitoptimal.az/ElitOptimal/6d4239d1-ce99-45ce-a6fa-174e03028219_Thumb.jpeg
9617,Telefon Xiaomi Redmi Note 13 Pro 12/512GB Purple,Xiaomi,REDMI NOTE 13 PRO 12/512GB PURPLE,599.99,699.99,100.0,,AZN,100.0,LimitedQuantity,2,,"Smartfonlar, Telefonlar",https://elitoptimal.az/telefonlar-plansetlr-v-qadcetlr/telephone-xiaomi-redmi-note-13-pro-12-512gb-purple-p9617,https://static.elitoptimal.az/ElitOptimal/9a9b34c9-9dcd-4353-b099-96e303546558_Thumb.jpeg
9616,Telefon Xiaomi Redmi Note 13 Pro 12/512GB Green,Xiaomi,REDMI NOTE 13 PRO 12/512GB GREEN,599.99,699.99,100.0,,AZN,100.0,LimitedQuantity,1,,"Smartfonlar, Telefonlar",https://elitoptimal.az/telefonlar-plansetlr-v-qadcetlr/telephone-xiaomi-redmi-note-13-pro-12-512gb-green-p9616,https://static.elitoptimal.az/ElitOptimal/f970ffba-ca53-4ce9-a1a5-3dc4381aea74_Thumb.jpeg
9082,Telefon Honor X9b 12/256GB Sunrise Orange,Honor,X9B 12/256GB SUNRISE ORANGE,679.99,779.99,100.0,,AZN,56.67,LimitedQuantity,1,,"Smartfonlar, Telefonlar",https://elitoptimal.az/telefonlar-plansetlr-v-qadcetlr/telephone-honor-x9b-12-256gb-sunrise-orange-p9082,https://static.elitoptimal.az/ElitOptimal/de20ae0d-3f3e-4f55-8036-44c5253f2862_Thumb.jpeg
8963,Telefon iPhone 15 Plus 256GB Black,Apple,MU183HX/A,2059.99,2399.99,340.0,,AZN,343.33,LimitedQuantity,1,,"Smartfonlar, Telefonlar",https://elitoptimal.az/telefonlar-plansetlr-v-qadcetlr/telephone-iphone-15-plus-256gb-black-p8963,https://static.elitoptimal.az/ElitOptimal/d1b4cda2-12e6-434f-80fe-479946ba3aa2_Thumb.jpeg
7694,Telefon Samsung Galaxy A54 (A546) 6/128GB Black,Samsung,SM-A546EZKACAU,649.99,749.99,100.0,,AZN,108.33,LimitedQuantity,2,,"Smartfonlar, Telefonlar",https://elitoptimal.az/telefonlar-plansetlr-v-qadcetlr/telephone-samsung-galaxy-a54-a546-6-128gb-black-p7694,https://static.elitoptimal.az/ElitOptimal/80ff6a01-a144-4666-99e1-d3aa460d3527_Thumb.png
7693,Telefon Samsung Galaxy A54 (A546) 6/128GB Violet,Samsung,SM-A546ELVACAU,649.99,749.99,100.0,,AZN,108.33,LimitedQuantity,1,,"Smartfonlar, Telefonlar",https://elitoptimal.az/telefonlar-plansetlr-v-qadcetlr/telephone-samsung-galaxy-a54-a546-6-128gb-violet-p7693,https://static.elitoptimal.az/ElitOptimal/a007fb1e-b76a-4367-8f86-746c3bae54ce_Thumb.png
7691,Telefon Samsung Galaxy A54 (A546) 6/128GB Green,Samsung,SM-A546ELGACAU,649.99,749.99,100.0,,AZN,108.33,LimitedQuantity,7,,"Smartfonlar, Telefonlar",https://elitoptimal.az/telefonlar-plansetlr-v-qadcetlr/telephone-samsung-galaxy-a54-a546-6-128gb-green-p7691,https://static.elitoptimal.az/ElitOptimal/7dcdf351-0c20-487d-9e2f-42a588c8b379_Thumb.png
7256,Telefon Samsung Galaxy A73 (A736) 6/128GB White,Samsung,SM-A736BZWDCAU,699.99,999.99,300.0,,AZN,116.66,LimitedQuantity,1,,"Smartfonlar, Telefonlar",https://elitoptimal.az/telefonlar-plansetlr-v-qadcetlr/telephone-samsung-galaxy-a73-a736-6-128gb-white-p7256,https://static.elitoptimal.az/ElitOptimal/6f76f208-108d-4317-addb-d462a555913a_Thumb.png
6825,Telefon Xiaomi 13T Pro 12/512GB Black,Xiaomi,13T PRO 12/512GB BLACK,849.99,999.99,150.0,,AZN,141.66,LimitedQuantity,1,,"Smartfonlar, Telefonlar",https://elitoptimal.az/telefonlar-plansetlr-v-qadcetlr/telephone-xiaomi-13t-pro-12-512gb-black-p6825,https://static.elitoptimal.az/ElitOptimal/192b203f-0cb4-4fa2-a540-256f046ae117_Thumb.png
6824,Telefon Xiaomi 13T Pro 12/512GB Green,Xiaomi,13T PRO 12/512GB GREEN,849.99,999.99,150.0,,AZN,141.66,LimitedQuantity,4,,"Smartfonlar, Telefonlar",https://elitoptimal.az/telefonlar-plansetlr-v-qadcetlr/telephone-xiaomi-13t-pro-12-512gb-green-p6824,https://static.elitoptimal.az/ElitOptimal/5372ef4e-f3df-4478-bac9-85cbcc1589dd_Thumb.png
6823,Telefon Xiaomi 13T Pro 12/512GB Blue,Xiaomi,13T PRO 12/512GB BLUE,849.99,999.99,150.0,,AZN,141.66,LimitedQuantity,2,,"Smartfonlar, Telefonlar",https://elitoptimal.az/telefonlar-plansetlr-v-qadcetlr/telephone-xiaomi-13t-pro-12-512gb-blue-p6823,https://static.elitoptimal.az/ElitOptimal/f7399bf1-b9e6-4982-8ab5-6f9a819b93c2_Thumb.png
6247,Telefon Xiaomi 13 Lite 8/128GB Pink,Xiaomi,XIAOMI 13 LITE 8/128GB PINK,599.99,699.99,100.0,,AZN,100.0,LimitedQuantity,2,,"Smartfonlar, Telefonlar",https://elitoptimal.az/telefonlar-plansetlr-v-qadcetlr/telephone-xiaomi-13-lite-8-128gb-pink-p6247,https://static.elitoptimal.az/ElitOptimal/e818b9f8-4de6-4802-a8db-756a9556a987_Thumb.png
4744,Telefon Xiaomi 13T 12/256GB Blue,Xiaomi,13T 12/256GB BLUE,649.99,799.99,150.0,,AZN,108.33,LimitedQuantity,4,,"Smartfonlar, Telefonlar",https://elitoptimal.az/telefonlar-plansetlr-v-qadcetlr/telephone-xiaomi-13t-12-256gb-blue-p4744,https://static.elitoptimal.az/ElitOptimal/0f89e2bd-a5e6-4a56-8145-67c1d3c54158_Thumb.png
4743,Telefon Xiaomi 13T 12/256GB Black,Xiaomi,13T 12/256GB BLACK,649.99,799.99,150.0,,AZN,108.33,LimitedQuantity,2,,"Smartfonlar, Telefonlar",https://elitoptimal.az/telefonlar-plansetlr-v-qadcetlr/telephone-xiaomi-13t-12-256gb-black-p4743,https://static.elitoptimal.az/ElitOptimal/b6a366c5-3808-400a-a878-6eb5a8d03dd6_Thumb.png
4524,Telefon Infinix Zero 30 8GB/256GB SUNSET GOLD,Infinix,ZERO 30 8/256G GOLD,549.99,699.99,150.0,,AZN,45.83,LimitedQuantity,1,,"Smartfonlar, Telefonlar",https://elitoptimal.az/telefonlar-plansetlr-v-qadcetlr/telephone-infinix-zero-30-8gb-256gb-sunset-gold-p4524,https://static.elitoptimal.az/ElitOptimal/1f6c99b8-bf2c-4bcc-9dc2-239a8db46519_Thumb.jpeg
4443,Telefon iPhone 15 Plus 128GB Black,Apple,MU0Y3HX/A,1999.99,2249.99,250.0,,AZN,333.33,LimitedQuantity,2,,"Smartfonlar, Telefonlar",https://elitoptimal.az/telefonlar-plansetlr-v-qadcetlr/telephone-iphone-15-plus-128gb-black-p4443,https://static.elitoptimal.az/ElitOptimal/1136bc5a-2810-45ad-91b5-0bbcef8f2cf4_Thumb.png
