product_id,sku,name,brand,price_current,price_original,discount_amt,currency,installment,in_stock,category,url,image
114042,TM-DG-SBP-1105-SM-3714,iPhone Air 256 GB Sky Blue,Apple,2499.99,2859.99,360,AZN,0% 6 ay,Yes,Smartfonlar,https://kontakt.az/iphone-air-256-gb-sky-blue,https://kontakt.az/media/catalog/product/cache/d5c3506eddb65cd2e8f7539e513db76b/t/m/tm-dg-sbp-1105-sm-3714_1-1e0ec311.webp
97971,TM-DG-SBP-1105-SM-2888,iPhone 16 128 GB Teal,Apple,1899.99,2149.99,250,AZN,0% 6 ay,Yes,Smartfonlar,https://kontakt.az/iphone-16-128-gb-teal,https://kontakt.az/media/catalog/product/cache/d5c3506eddb65cd2e8f7539e513db76b/t/m/tm-dg-sbp-1105-sm-2888_1.png
97973,TM-DG-SBP-1105-SM-2890,iPhone 16 128 GB White,Apple,1899.99,2149.99,250,AZN,0% 6 ay,Yes,Smartfonlar,https://kontakt.az/iphone-16-128-gb-white,https://kontakt.az/media/catalog/product/cache/d5c3506eddb65cd2e8f7539e513db76b/t/m/tm-dg-sbp-1105-sm-2890_1.png
97972,TM-DG-SBP-1105-SM-2889,iPhone 16 128 GB Pink,Apple,1899.99,2149.99,250,AZN,0% 6 ay,Yes,Smartfonlar,https://kontakt.az/iphone-16-128-gb-pink,https://kontakt.az/media/catalog/product/cache/d5c3506eddb65cd2e8f7539e513db76b/t/m/tm-dg-sbp-1105-sm-2889_1-e06e4f42.webp
103571,TM-DG-SBP-1105-SM-3289,Samsung Galaxy S25 (SM-S931B) 12/128 GB Silver,Samsung,1559.99,1919.99,360,AZN,0% 12 ay,Yes,Smartfonlar,https://kontakt.az/samsung-galaxy-s25-sm-s931b-12-128-gb-silver,https://kontakt.az/media/catalog/product/cache/d5c3506eddb65cd2e8f7539e513db76b/t/m/tm-dg-sbp-1105-sm-3289_11-5974a5f3.webp
103558,TM-DG-SBP-1105-SM-3275,Samsung Galaxy S25 Ultra (SM-S938B) 12/256 GB Titanium Black,Samsung,2369.99,2869.99,500,AZN,0% 12 ay,Yes,Smartfonlar,https://kontakt.az/samsung-galaxy-s25-sm-s938b-ultra-12-256-gb-titanium-black,https://kontakt.az/media/catalog/product/cache/d5c3506eddb65cd2e8f7539e513db76b/t/m/tm-dg-sbp-1105-sm-3275_1_1-2492c8a2.webp
114070,TM-DG-SBP-1105-SM-3742,iPhone 17 Pro Max 256 GB Deep Blue,Apple,3349.99,3899.99,550,AZN,0% 6 ay,Yes,Smartfonlar,https://kontakt.az/iphone-17-pro-max-256-gb-deep-blue,https://kontakt.az/media/catalog/product/cache/d5c3506eddb65cd2e8f7539e513db76b/t/m/tm-dg-sbp-1105-sm-3742_1.png
67870,TM-DG-SBP-1105-SM-2467,iPhone 15 128 GB Black,Apple,1599.99,1899.99,300,AZN,0% 6 ay,Yes,Telefoniya,https://kontakt.az/iphone-15-128-gb-black,https://kontakt.az/media/catalog/product/cache/d5c3506eddb65cd2e8f7539e513db76b/t/m/tm-dg-sbp-1105-sm-2467_1.png
114053,TM-DG-SBP-1105-SM-3725,iPhone 17 Pro 256 GB Silver,Apple,3079.99,3599.99,520,AZN,0% 6 ay,Yes,Smartfonlar,https://kontakt.az/iphone-17-pro-256-gb-silver,https://kontakt.az/media/catalog/product/cache/d5c3506eddb65cd2e8f7539e513db76b/t/m/tm-dg-sbp-1105-sm-3725_1-510376b2.webp
105942,TM-DG-SBP-1105-SM-3447,Samsung Galaxy A56 (SM-A566E) 8/256 GB Black,Samsung,879.99,1099.99,220,AZN,0% 12 ay,Yes,Smartfonlar,https://kontakt.az/samsung-galaxy-a56-sm-a566e-8-256-gb-black,https://kontakt.az/media/catalog/product/cache/d5c3506eddb65cd2e8f7539e513db76b/t/m/tm-dg-sbp-1105-sm-3447_1-65e71de3.webp
32334,TM-DG-SBP-1105-SM-1927,iPhone 14 128 GB Blue,Apple,1379.99,1599.99,220,AZN,0% 6 ay,Yes,Smartfonlar,https://kontakt.az/iphone-14-128-gb-blue,https://kontakt.az/media/catalog/product/cache/d5c3506eddb65cd2e8f7539e513db76b/e/1/e12eeae2_2-7953d8f2.webp
115075,TM-DG-SBP-1105-SM-3662,Samsung Galaxy A17 (SM-A175) 4/128 GB Black,Samsung,339.99,419.99,80,AZN,0% 6 ay,Yes,Smartfonlar,https://kontakt.az/samsung-galaxy-a17-sm-a175-4-128-gb-black,https://kontakt.az/media/catalog/product/cache/d5c3506eddb65cd2e8f7539e513db76b/t/m/tm-dg-sbp-1105-sm-3662_1-68c255c2.webp
32335,TM-DG-SBP-1105-SM-1928,iPhone 14 128 GB Midnight,Apple,1379.99,1599.99,220,AZN,0% 6 ay,Yes,Smartfonlar,https://kontakt.az/iphone-14-128-gb-midnight,https://kontakt.az/media/catalog/product/cache/d5c3506eddb65cd2e8f7539e513db76b/t/m/tm-dg-sbp-1105-sm-1928_12_4-5dfb443d.webp
103556,TM-DG-SBP-1105-SM-3273,Samsung Galaxy S25 Ultra (SM-S938B) 12/256 GB Titanium Gray,Samsung,2369.99,2869.99,500,AZN,0% 12 ay,Yes,Smartfonlar,https://kontakt.az/samsung-galaxy-s25-sm-s938b-ultra-12-256-gb-titanium-gray,https://kontakt.az/media/catalog/product/cache/d5c3506eddb65cd2e8f7539e513db76b/t/m/tm-dg-sbp-1105-sm-3273_1_1-1e544987.webp
106362,TM-DG-SBP-1105-SM-3432,Samsung Galaxy A26 (SM-A266B) 8/256 GB Black,Samsung,599.99,719.99,120,AZN,0% 12 ay,Yes,Smartfonlar,https://kontakt.az/samsung-galaxy-a26-sm-a266b-8-256-gb-black,https://kontakt.az/media/catalog/product/cache/d5c3506eddb65cd2e8f7539e513db76b/t/m/tm-dg-sbp-1105-sm-3432_1-46397213.webp
32337,TM-DG-SBP-1105-SM-1930,iPhone 14 128 GB Starlight,Apple,1379.99,1599.99,220,AZN,0% 6 ay,Yes,Smartfonlar,https://kontakt.az/iphone-14-128-gb-starlight,https://kontakt.az/media/catalog/product/cache/d5c3506eddb65cd2e8f7539e513db76b/t/m/tm-dg-sbp-1105-sm-1930_13_1-4885c7f5.webp
117735,TM-DG-SBP-1105-SM-3851,HONOR X9d 8/256 GB Titanium Black,HONOR,669.99,899.99,230,AZN,0% 6 ay,Yes,Smartfonlar,https://kontakt.az/honor-x9d-8-256-gb-titanium-black,https://kontakt.az/media/catalog/product/cache/d5c3506eddb65cd2e8f7539e513db76b/t/m/tm-dg-sbp-1105-sm-3851_1.png
114022,TM-DG-SBP-1105-SM-3694,iPhone 17 256 GB Black,Apple,2249.99,2599.99,350,AZN,0% 6 ay,Yes,Smartfonlar,https://kontakt.az/iphone-17-256-gb-black,https://kontakt.az/media/catalog/product/cache/d5c3506eddb65cd2e8f7539e513db76b/t/m/tm-dg-sbp-1105-sm-3694_1.png
109265,TM-DG-SBP-1105-SM-3541,OPPO A5 Pro 8/256 GB Mocha Brown,OPPO,529.99,669.99,140,AZN,0% 12 ay,Yes,Smartfonlar,https://kontakt.az/oppo-a5-pro-8-256-gb-mocha-brown,https://kontakt.az/media/catalog/product/cache/d5c3506eddb65cd2e8f7539e513db76b/t/m/tm-dg-sbp-1105-sm-3541_1.png
109266,TM-DG-SBP-1105-SM-3542,OPPO A5 Pro 8/256 GB Olive Green,OPPO,529.99,669.99,140,AZN,0% 12 ay,Yes,Smartfonlar,https://kontakt.az/oppo-a5-pro-8-256-gb-olive-green,https://kontakt.az/media/catalog/product/cache/d5c3506eddb65cd2e8f7539e513db76b/t/m/tm-dg-sbp-1105-sm-3542_1.png
121248,TM-DG-SBP-1105-SM-3939,Xiaomi Redmi Note 15 8/256 GB Black,Xiaomi,499.99,659.99,160,AZN,0% 12 ay,Unknown,Smartfonlar,https://kontakt.az/xiaomi-redmi-note-15-8-256-gb-black,https://kontakt.az/media/catalog/product/cache/d5c3506eddb65cd2e8f7539e513db76b/t/m/tm-dg-sbp-1105-sm-3939_654-c75457e9.webp
115076,TM-DG-SBP-1105-SM-3663,Samsung Galaxy A17 (SM-A175) 8/256 GB Black,Samsung,459.99,569.99,110,AZN,0% 6 ay,Yes,Smartfonlar,https://kontakt.az/samsung-galaxy-a17-sm-a175-8-256-gb-black,https://kontakt.az/media/catalog/product/cache/d5c3506eddb65cd2e8f7539e513db76b/t/m/tm-dg-sbp-1105-sm-3663_1.png
122071,TM-DG-SBP-1105-SM-4028,HONOR X8d 8/256 GB Light Blue,HONOR,539.99,649.99,110,AZN,0% 6 ay,Yes,Smartfonlar,https://kontakt.az/honor-x8d-8-256-gb-light-blue,https://kontakt.az/media/catalog/product/cache/d5c3506eddb65cd2e8f7539e513db76b/t/m/tm-dg-sbp-1105-sm-4028_1-e586b5ee.webp
119774,TM-DG-SBP-1105-SM-3894,RedMagic 11 Pro 16/512 GB SubZero,ZTE,2499.99,2899.99,400,AZN,0% 6 ay,Unknown,Smartfonlar,https://kontakt.az/redmagic-11-pro-16-512-gb-subzero,https://kontakt.az/media/catalog/product/cache/d5c3506eddb65cd2e8f7539e513db76b/t/m/tm-dg-sbp-1105-sm-3894_1.png
114055,TM-DG-SBP-1105-SM-3727,iPhone 17 Pro 256 GB Deep Blue,Apple,3079.99,3599.99,520,AZN,0% 6 ay,Yes,Smartfonlar,https://kontakt.az/iphone-17-pro-256-gb-deep-blue,https://kontakt.az/media/catalog/product/cache/d5c3506eddb65cd2e8f7539e513db76b/t/m/tm-dg-sbp-1105-sm-3727_1-73d3d82c.webp
104820,TM-DG-SBP-1105-SM-3329,Poco X7 Pro 8/256 GB Black,Poco,729.99,969.99,240,AZN,0% 18 ay,Yes,Smartfonlar,https://kontakt.az/poco-x7-pro-8-256-gb-black,https://kontakt.az/media/catalog/product/cache/d5c3506eddb65cd2e8f7539e513db76b/t/m/tm-dg-sbp-1105-sm-3329_1.png
105935,TM-DG-SBP-1105-SM-3440,Samsung Galaxy A36 (SM-A366E) 8/256 GB Gray,Samsung,719.99,919.99,200,AZN,0% 6 ay,Yes,Smartfonlar,https://kontakt.az/samsung-galaxy-a36-sm-a366e-8-256-gb-gray,https://kontakt.az/media/catalog/product/cache/d5c3506eddb65cd2e8f7539e513db76b/t/m/tm-dg-sbp-1105-sm-3440_1-a5e2780b.webp
80045,TM-DG-SBP-1105-SM-2646,Samsung Galaxy S24 (SM-S921B) 8/256 GB Onyx Black,Samsung,1539.99,1819.99,280,AZN,0% 12 ay,Yes,Smartfonlar,https://kontakt.az/samsung-galaxy-s24-sm-s921b-8-256-gb-black,https://kontakt.az/media/catalog/product/cache/d5c3506eddb65cd2e8f7539e513db76b/t/m/tm-dg-sbp-1105-sm-2646_12-59bbf5c3.webp
121263,TM-DG-SBP-1105-SM-3977,Xiaomi Redmi Note 15 6/128 GB Black,Xiaomi,449.99,569.99,120,AZN,0% 6 ay,Unknown,Telefoniya,https://kontakt.az/xiaomi-redmi-note-15-6-128-gb-black,https://kontakt.az/media/catalog/product/cache/d5c3506eddb65cd2e8f7539e513db76b/t/m/tm-dg-sbp-1105-sm-3977_1-29a4fcb6.webp
103459,TM-DG-SBP-1105-SM-3234,Xiaomi Redmi Note 14 6/128 GB Midnight Black,Xiaomi,399.99,479.99,80,AZN,0% 12 ay,Yes,Smartfonlar,https://kontakt.az/xiaomi-redmi-note-14-6-128-gb-midnight-black,https://kontakt.az/media/catalog/product/cache/d5c3506eddb65cd2e8f7539e513db76b/t/m/tm-dg-sbp-1105-sm-3234_12-8d535b51.webp
13318,TM-DG-SBP-1105-SM-1510,iPhone 13 128 GB Midnight,Apple,1179.99,1379.99,200,AZN,0% 6 ay,Yes,Smartfonlar,https://kontakt.az/iphone-13-128-gb-midnight,https://kontakt.az/media/catalog/product/cache/d5c3506eddb65cd2e8f7539e513db76b/t/m/tm-dg-sbp-1105-sm-1510_12-ee21f5a2.webp
118239,TM-DG-SBP-1105-SM-3857,OPPO A6 Pro 8/256 GB Stellar Blue,OPPO,699.99,849.99,150,AZN,0% 12 ay,Unknown,Smartfonlar,https://kontakt.az/oppo-a6-pro-8-256-gb-stellar-blue,https://kontakt.az/media/catalog/product/cache/d5c3506eddb65cd2e8f7539e513db76b/t/m/tm-dg-sbp-1105-sm-3857_1.png
114068,TM-DG-SBP-1105-SM-3740,iPhone 17 Pro Max 256 GB Silver,Apple,3349.99,3899.99,550,AZN,0% 6 ay,Yes,Smartfonlar,https://kontakt.az/iphone-17-pro-max-256-gb-silver,https://kontakt.az/media/catalog/product/cache/d5c3506eddb65cd2e8f7539e513db76b/t/m/tm-dg-sbp-1105-sm-3740_1.png
114071,TM-DG-SBP-1105-SM-3743,iPhone 17 Pro Max 256 GB Cosmic Orange,Apple,3349.99,3899.99,550,AZN,0% 6 ay,Yes,Smartfonlar,https://kontakt.az/iphone-17-pro-max-256-gb-cosmic-orange,https://kontakt.az/media/catalog/product/cache/d5c3506eddb65cd2e8f7539e513db76b/t/m/tm-dg-sbp-1105-sm-3743_1.png
67871,TM-DG-SBP-1105-SM-2468,iPhone 15 128 GB Blue,Apple,1599.99,1899.99,300,AZN,0% 6 ay,Yes,Smartfonlar,https://kontakt.az/iphone-15-128-gb-blue,https://kontakt.az/media/catalog/product/cache/d5c3506eddb65cd2e8f7539e513db76b/t/m/tm-dg-sbp-1105-sm-2468_12-6ea55c2f.webp
117738,TM-DG-SBP-1105-SM-3854,HONOR X9d 12/256 GB Titanium Black,HONOR,769.99,999.99,230,AZN,0% 6 ay,Unknown,Smartfonlar,https://kontakt.az/honor-x9d-12-256-gb-titanium-black,https://kontakt.az/media/catalog/product/cache/d5c3506eddb65cd2e8f7539e513db76b/t/m/tm-dg-sbp-1105-sm-3854_1.png
115079,TM-DG-SBP-1105-SM-3668,Samsung Galaxy S25 FE (SM-S731) 8/256 GB Black,Samsung,1319.99,1619.99,300,AZN,0% 12 ay,Yes,Smartfonlar,https://kontakt.az/samsung-galaxy-s25-fe-sm-s731-8-256-gb-black,https://kontakt.az/media/catalog/product/cache/d5c3506eddb65cd2e8f7539e513db76b/t/m/tm-dg-sbp-1105-sm-3668_1-ac69c22f.webp
97970,TM-DG-SBP-1105-SM-2887,iPhone 16 128 GB Ultramarine,Apple,1899.99,2149.99,250,AZN,0% 6 ay,Yes,Smartfonlar,https://kontakt.az/iphone-16-128-gb-ultramarine,https://kontakt.az/media/catalog/product/cache/d5c3506eddb65cd2e8f7539e513db76b/t/m/tm-dg-sbp-1105-sm-2887_1.png
105054,TM-DG-SBP-1105-SM-3365,Cubot X70 12/256 GB Space Black,Cubot,459.99,599.99,140,AZN,0% 6 ay,Yes,Smartfonlar,https://kontakt.az/cubot-x70-12-256-gb-space-black,https://kontakt.az/media/catalog/product/cache/d5c3506eddb65cd2e8f7539e513db76b/t/m/tm-dg-sbp-1105-sm-3365_1.png
103567,TM-DG-SBP-1105-SM-3285,Samsung Galaxy S25 (SM-S931B) 12/256 GB Silver,Samsung,1619.99,2069.99,450,AZN,0% 12 ay,Yes,Smartfonlar,https://kontakt.az/samsung-galaxy-s25-sm-s931b-12-256-gb-silver,https://kontakt.az/media/catalog/product/cache/d5c3506eddb65cd2e8f7539e513db76b/t/m/tm-dg-sbp-1105-sm-3285_1-dc42f8e6.webp
106360,TM-DG-SBP-1105-SM-3429,Samsung Galaxy A26 (SM-A266B) 6/128 GB Black,Samsung,519.99,619.99,100,AZN,0% 6 ay,Yes,Smartfonlar,https://kontakt.az/samsung-galaxy-a26-sm-a266b-6-128-gb-black,https://kontakt.az/media/catalog/product/cache/d5c3506eddb65cd2e8f7539e513db76b/t/m/tm-dg-sbp-1105-sm-3429_1.png
114075,TM-DG-SBP-1105-SM-3747,iPhone 17 Pro Max 512 GB Deep Blue,Apple,3899.99,4499.99,600,AZN,0% 6 ay,Yes,Smartfonlar,https://kontakt.az/iphone-17-pro-max-512-gb-deep-blue,https://kontakt.az/media/catalog/product/cache/d5c3506eddb65cd2e8f7539e513db76b/t/m/tm-dg-sbp-1105-sm-3747_1.png
67873,TM-DG-SBP-1105-SM-2470,iPhone 15 128 GB Pink,Apple,1599.99,1899.99,300,AZN,0% 6 ay,Yes,Smartfonlar,https://kontakt.az/iphone-15-128-gb-pink,https://kontakt.az/media/catalog/product/cache/d5c3506eddb65cd2e8f7539e513db76b/t/m/tm-dg-sbp-1105-sm-2470_1_-cf336f24.webp
114556,TM-DG-SBP-1105-SM-3773,HONOR X7d 8/256 GB Velvet Black,HONOR,439.99,539.99,100,AZN,0% 6 ay,Yes,Smartfonlar,https://kontakt.az/honor-x7d-8-256-gb-velvet-black,https://kontakt.az/media/catalog/product/cache/d5c3506eddb65cd2e8f7539e513db76b/t/m/tm-dg-sbp-1105-sm-3773_1.png
119772,TM-DG-SBP-1105-SM-3892,RedMagic 11 Pro 12/256 GB Cryo,ZTE,2149.99,2599.99,450,AZN,0% 18 ay,Unknown,Smartfonlar,https://kontakt.az/redmagic-11-pro-12-256-gb-cryo,https://kontakt.az/media/catalog/product/cache/d5c3506eddb65cd2e8f7539e513db76b/t/m/tm-dg-sbp-1105-sm-3892_1.png
115074,TM-DG-SBP-1105-SM-3661,Samsung Galaxy A17 (SM-A175) 6/128 GB Black,Samsung,379.99,459.99,80,AZN,0% 6 ay,Yes,Smartfonlar,https://kontakt.az/samsung-galaxy-a17-sm-a175-6-128-gb-black,https://kontakt.az/media/catalog/product/cache/d5c3506eddb65cd2e8f7539e513db76b/t/m/tm-dg-sbp-1105-sm-3661_1.png
105456,TM-DG-SBP-1105-SM-3412,iPhone 16e 128 GB Black,Apple,1449.99,1699.99,250,AZN,0% 6 ay,Yes,Smartfonlar,https://kontakt.az/iphone-16e-128-gb-black,https://kontakt.az/media/catalog/product/cache/d5c3506eddb65cd2e8f7539e513db76b/t/m/tm-dg-sbp-1105-sm-3412_1.png
104826,TM-DG-SBP-1105-SM-3366,Cubot X70 12/256 GB Tech Black,Cubot,459.99,599.99,140,AZN,0% 6 ay,Yes,Smartfonlar,https://kontakt.az/cubot-x70-12-256-gb-tech-black,https://kontakt.az/media/catalog/product/cache/d5c3506eddb65cd2e8f7539e513db76b/t/m/tm-dg-sbp-1105-sm-3366_1.png
103552,TM-DG-SBP-1105-SM-3265,Samsung Galaxy S25 Ultra (SM-S938B) 12/512 GB Titanium Black,Samsung,2619.99,3219.99,600,AZN,0% 12 ay,Yes,Smartfonlar,https://kontakt.az/samsung-galaxy-s25-ultra-sm-s938b-12-512-gb-titanium-black,https://kontakt.az/media/catalog/product/cache/d5c3506eddb65cd2e8f7539e513db76b/t/m/tm-dg-sbp-1105-sm-3265_1_1.png
119495,TM-DG-SBP-1105-SM-3858,OPPO A6 Pro 8/256 GB Lunar Titanium,OPPO,699.99,849.99,150,AZN,0% 12 ay,Unknown,Smartfonlar,https://kontakt.az/oppo-a6-pro-8-256-gb-lunar-titanium,https://kontakt.az/media/catalog/product/cache/d5c3506eddb65cd2e8f7539e513db76b/t/m/tm-dg-sbp-1105-sm-3858_1.png
109126,TM-DG-SBP-1105-SM-3538,HONOR 400 Lite 8/256 GB Black,HONOR,579.99,719.99,140,AZN,0% 6 ay,Yes,Smartfonlar,https://kontakt.az/honor-400-lite-8-256-gb-black,https://kontakt.az/media/catalog/product/cache/d5c3506eddb65cd2e8f7539e513db76b/t/m/tm-dg-sbp-1105-sm-3538_1.png
114056,TM-DG-SBP-1105-SM-3728,iPhone 17 Pro 256 GB Cosmic Orange,Apple,3079.99,3599.99,520,AZN,0% 6 ay,Yes,Smartfonlar,https://kontakt.az/iphone-17-pro-256-gb-cosmic-orange,https://kontakt.az/media/catalog/product/cache/d5c3506eddb65cd2e8f7539e513db76b/t/m/tm-dg-sbp-1105-sm-3728_1.png
105938,TM-DG-SBP-1105-SM-3443,Samsung Galaxy A56 (SM-A566E) 8/128 GB Black,Samsung,789.99,999.99,210,AZN,0% 12 ay,Yes,Smartfonlar,https://kontakt.az/samsung-galaxy-a56-sm-a566e-8-128-gb-black,https://kontakt.az/media/catalog/product/cache/d5c3506eddb65cd2e8f7539e513db76b/t/m/tm-dg-sbp-1105-sm-3443_1.png
119672,TM-DG-SBP-1105-SM-3888,Google Pixel 10 Pro 16/256 GB Moonstone,Google,2699.99,3299.99,600,AZN,0% 12 ay,Yes,Telefoniya,https://kontakt.az/google-pixel-10-pro-16-256-gb-moonstone,https://kontakt.az/media/catalog/product/cache/d5c3506eddb65cd2e8f7539e513db76b/t/m/tm-dg-sbp-1105-sm-3888_1.png
110464,TM-DG-SBP-1105-SM-3564,ZTE nubia Z70 Ultra 16/512 GB Yellow,ZTE,1999.99,2799.99,800,AZN,0% 18 ay,Unknown,Smartfonlar,https://kontakt.az/zte-nubia-z70-ultra-16-512-gb-yellow,https://kontakt.az/media/catalog/product/cache/d5c3506eddb65cd2e8f7539e513db76b/t/m/tm-dg-sbp-1105-sm-3564_1-a44ca777.webp
104868,TM-DG-SBP-1105-SM-3380,Cubot Max 5 12/256 GB Tech Black,Cubot,719.99,949.99,230,AZN,0% 6 ay,Unknown,Smartfonlar,https://kontakt.az/cubot-max-5-12-256-gb-tech-black,https://kontakt.az/media/catalog/product/cache/d5c3506eddb65cd2e8f7539e513db76b/t/m/tm-dg-sbp-1105-sm-3380_1.png
103557,TM-DG-SBP-1105-SM-3274,Samsung Galaxy S25 Ultra (SM-S938B) 12/256 GB Titanium SilverBlue,Samsung,2369.99,2869.99,500,AZN,0% 12 ay,Yes,Smartfonlar,https://kontakt.az/samsung-galaxy-s25-sm-s938b-ultra-12-256-gb-titanium-silver-blue,https://kontakt.az/media/catalog/product/cache/d5c3506eddb65cd2e8f7539e513db76b/t/m/tm-dg-sbp-1105-sm-3274_1_1-4238c850.webp
114060,TM-DG-SBP-1105-SM-3732,iPhone 17 Pro 512 GB Deep Blue,Apple,3619.99,4199.99,580,AZN,0% 6 ay,Yes,Smartfonlar,https://kontakt.az/iphone-17-pro-512-gb-deep-blue,https://kontakt.az/media/catalog/product/cache/d5c3506eddb65cd2e8f7539e513db76b/t/m/tm-dg-sbp-1105-sm-3732_1.png
114393,TM-DG-SBP-1105-SM-3639,OPPO A5i 4/128 GB CPH2773 Starry Purple,OPPO,289.99,369.99,80,AZN,0% 6 ay,Unknown,Smartfonlar,https://kontakt.az/oppo-a5i-4-128-gb-cph2773-starry-purple,https://kontakt.az/media/catalog/product/cache/d5c3506eddb65cd2e8f7539e513db76b/t/m/tm-dg-sbp-1105-sm-3639_1.png
120331,TM-DG-SBP-1105-SM-3915,Vertu Metavertu Max Calf 12 GB / 1TB Gentleman Blue,Vertu,11499.99,12499.99,1000,AZN,0% 6 ay,Unknown,Smartfonlar,https://kontakt.az/vertu-metavertu-max-calf-12-gb-1tb-gentleman-blue,https://kontakt.az/media/catalog/product/cache/d5c3506eddb65cd2e8f7539e513db76b/t/m/tm-dg-sbp-1105-sm-3915_1-00a357f5.webp
114392,TM-DG-SBP-1105-SM-3638,OPPO A5i 4/128 GB CPH2773 Nebula Red,OPPO,289.99,369.99,80,AZN,0% 6 ay,Unknown,Smartfonlar,https://kontakt.az/oppo-a5i-4-128-gb-cph2773-nebula-red,https://kontakt.az/media/catalog/product/cache/d5c3506eddb65cd2e8f7539e513db76b/t/m/tm-dg-sbp-1105-sm-3638_1.png
120340,TM-DG-SBP-1105-SM-3925,Vertu Quantum Flip Cyber 16 GB / 1 TB Silver,Vertu,13999.99,14999.99,1000,AZN,0% 6 ay,Unknown,Telefoniya,https://kontakt.az/vertu-quantum-flip-cyber-16-gb-1-tb-silver,https://kontakt.az/media/catalog/product/cache/d5c3506eddb65cd2e8f7539e513db76b/t/m/tm-dg-sbp-1105-sm-3925_1-5ec6b519.webp
105943,TM-DG-SBP-1105-SM-3448,Samsung Galaxy A56 (SM-A566E) 8/256 GB Gray,Samsung,879.99,1099.99,220,AZN,0% 12 ay,Yes,Smartfonlar,https://kontakt.az/samsung-galaxy-a56-sm-a566e-8-256-gb-gray,https://kontakt.az/media/catalog/product/cache/d5c3506eddb65cd2e8f7539e513db76b/t/m/tm-dg-sbp-1105-sm-3448_1.png
99154,TM-DG-SBP-1105-SM-2970,Vertu Ironflip 12/512 GB Amber Brown Alli (CIF-E-002-HT-A-LH-EU),Vertu,16989.99,17999.99,1010,AZN,0% 6 ay,Unknown,Smartfonlar,https://kontakt.az/vertu-ironflip-amber-brown-alli-cif-e-002-ht-a-lh-eu,https://kontakt.az/media/catalog/product/cache/d5c3506eddb65cd2e8f7539e513db76b/t/m/tm-dg-sbp-1105-sm-2970_12.png
120339,TM-DG-SBP-1105-SM-3924,Vertu Quantum Flip Cyber 16 GB / 1 TB Black,Vertu,13999.99,14999.99,1000,AZN,0% 6 ay,Unknown,Smartfonlar,https://kontakt.az/vertu-quantum-flip-cyber-16-gb-1-tb-black,https://kontakt.az/media/catalog/product/cache/d5c3506eddb65cd2e8f7539e513db76b/t/m/tm-dg-sbp-1105-sm-3924_1-4faee256.webp
105582,TM-DG-SBP-1105-SM-3427,Samsung Galaxy S25 Ultra (SM-S938B) 12/256 GB Titanium White Silver,Samsung,2369.99,2869.99,500,AZN,0% 12 ay,Yes,Smartfonlar,https://kontakt.az/samsung-galaxy-s25-ultra-sm-s938b-12-256-gb-titanium-white-silver,https://kontakt.az/media/catalog/product/cache/d5c3506eddb65cd2e8f7539e513db76b/t/m/tm-dg-sbp-1105-sm-3427_1.png
105944,TM-DG-SBP-1105-SM-3449,Samsung Galaxy A56 (SM-A566E) 8/256 GB Green,Samsung,879.99,1099.99,220,AZN,0% 12 ay,Yes,Smartfonlar,https://kontakt.az/samsung-galaxy-a56-sm-a566e-8-256-gb-green,https://kontakt.az/media/catalog/product/cache/d5c3506eddb65cd2e8f7539e513db76b/t/m/tm-dg-sbp-1105-sm-3449_1.png
106795,TM-DG-SBP-1105-SM-3439,Samsung Galaxy A36 (SM-A366E) 8/256 GB Black,Samsung,719.99,919.99,200,AZN,0% 6 ay,Yes,Smartfonlar,https://kontakt.az/samsung-galaxy-a36-sm-a366e-8-256-gb-black,https://kontakt.az/media/catalog/product/cache/d5c3506eddb65cd2e8f7539e513db76b/t/m/tm-dg-sbp-1105-sm-3439_1.png
114025,TM-DG-SBP-1105-SM-3697,iPhone 17 256 GB Sage,Apple,2249.99,2599.99,350,AZN,0% 6 ay,Yes,Smartfonlar,https://kontakt.az/iphone-17-256-gb-sage,https://kontakt.az/media/catalog/product/cache/d5c3506eddb65cd2e8f7539e513db76b/t/m/tm-dg-sbp-1105-sm-3697_1.png
80042,TM-DG-SBP-1105-SM-2642,Samsung Galaxy S24 (SM-S921B) 8/128 GB Onyx Black,Samsung,1399.99,1669.99,270,AZN,0% 12 ay,Yes,Smartfonlar,https://kontakt.az/samsung-galaxy-s24-sm-s921b-8-128-gb-black,https://kontakt.az/media/catalog/product/cache/d5c3506eddb65cd2e8f7539e513db76b/t/m/tm-dg-sbp-1105-sm-2642_12-c6d5b3a9.webp
80044,TM-DG-SBP-1105-SM-2645,Samsung Galaxy S24 (SM-S921B) 8/256 GB Marble Gray,Samsung,1539.99,1819.99,280,AZN,0% 12 ay,Yes,Smartfonlar,https://kontakt.az/samsung-galaxy-s24-sm-s921b-8-256-gb-gray,https://kontakt.az/media/catalog/product/cache/d5c3506eddb65cd2e8f7539e513db76b/t/m/tm-dg-sbp-1105-sm-2645_12.png
120334,TM-DG-SBP-1105-SM-3918,Vertu Metavertu Max Calf 12 GB / 1TB Moon White,Vertu,11499.99,12499.99,1000,AZN,0% 6 ay,Unknown,Telefoniya,https://kontakt.az/vertu-metavertu-max-calf-12-gb-1tb-moon-white,https://kontakt.az/media/catalog/product/cache/d5c3506eddb65cd2e8f7539e513db76b/t/m/tm-dg-sbp-1105-sm-3918_1-040da5f0.webp
100762,TM-DG-SBP-1105-SM-3126,OPPO A40m 6/256 GB (CPH2669) Starlight White,OPPO,419.99,549.99,130,AZN,0% 6 ay,Yes,Smartfonlar,https://kontakt.az/oppo-a40m-6-256-gb-cph2669-white,https://kontakt.az/media/catalog/product/cache/d5c3506eddb65cd2e8f7539e513db76b/t/m/tm-dg-sbp-1105-sm-3126_20_1_.png
120078,TM-DG-SBP-1105-SM-3914,Vertu Metavertu Max Calf 12 GB / 1TB Caramel Brown,Vertu,11499.99,12499.99,1000,AZN,0% 6 ay,Unknown,Smartfonlar,https://kontakt.az/vertu-metavertu-max-calf-12-gb-1tb-caramel-brown,https://kontakt.az/media/catalog/product/cache/d5c3506eddb65cd2e8f7539e513db76b/t/m/tm-dg-sbp-1105-sm-3914_1-11cb00ba.webp
114548,TM-DG-SBP-1105-SM-3693,Motorola razr 60 8/256 GB Lightest Sky,Motorola,1649.99,1899.99,250,AZN,0% 6 ay,Yes,Smartfonlar,https://kontakt.az/motorola-razr-60-8-256-gb-lightest-sky,https://kontakt.az/media/catalog/product/cache/d5c3506eddb65cd2e8f7539e513db76b/t/m/tm-dg-sbp-1105-sm-3693_1.png
109439,TM-DG-SBP-1105-SM-3527,Motorola Edge 60 5G 12/512 GB Gibraltar Sea,Motorola,929.99,1049.99,120,AZN,0% 6 ay,Yes,Telefoniya,https://kontakt.az/motorola-edge-60-5g-12-512-gb-gibraltar-sea,https://kontakt.az/media/catalog/product/cache/d5c3506eddb65cd2e8f7539e513db76b/t/m/tm-dg-sbp-1105-sm-3527_100.png
120342,TM-DG-SBP-1105-SM-3927,Vertu Quantum Flip Agate 16 GB / 1 TB Obsidian,Vertu,15999.99,16999.99,1000,AZN,0% 6 ay,Unknown,Smartfonlar,https://kontakt.az/vertu-quantum-flip-agate-16-gb-1-tb-obsidian,https://kontakt.az/media/catalog/product/cache/d5c3506eddb65cd2e8f7539e513db76b/t/m/tm-dg-sbp-1105-sm-3927_1-7c161b87.webp
109127,TM-DG-SBP-1105-SM-3539,HONOR 400 Lite 8/256 GB Green,HONOR,579.99,719.99,140,AZN,0% 6 ay,Yes,Smartfonlar,https://kontakt.az/honor-400-lite-8-256-gb-green,https://kontakt.az/media/catalog/product/cache/d5c3506eddb65cd2e8f7539e513db76b/t/m/tm-dg-sbp-1105-sm-3539_1.png
114547,TM-DG-SBP-1105-SM-3692,Motorola razr 60 8/256 GB Gibraltar Sea,Motorola,1649.99,1899.99,250,AZN,0% 6 ay,Yes,Smartfonlar,https://kontakt.az/motorola-razr-60-8-256-gb-gibraltar-sea,https://kontakt.az/media/catalog/product/cache/d5c3506eddb65cd2e8f7539e513db76b/t/m/tm-dg-sbp-1105-sm-3692_1.png
120338,TM-DG-SBP-1105-SM-3923,Vertu Quantum Flip Alligator 16 GB / 1 TB Navy Blue,Vertu,18999.99,19999.99,1000,AZN,0% 6 ay,Unknown,Smartfonlar,https://kontakt.az/vertu-quantum-flip-alligator-16-gb-1-tb-navy-blue,https://kontakt.az/media/catalog/product/cache/d5c3506eddb65cd2e8f7539e513db76b/t/m/tm-dg-sbp-1105-sm-3923_1-8fab87be.webp
115077,TM-DG-SBP-1105-SM-3664,Samsung Galaxy S25 FE (SM-S731) 8/128 GB Dark Blue,Samsung,1199.99,1469.99,270,AZN,0% 12 ay,Yes,Smartfonlar,https://kontakt.az/samsung-galaxy-s25-fe-sm-s731-8-128-gb-dark-blue,https://kontakt.az/media/catalog/product/cache/d5c3506eddb65cd2e8f7539e513db76b/t/m/tm-dg-sbp-1105-sm-3664_1.png
103564,TM-DG-SBP-1105-SM-3281,Samsung Galaxy S25+ (SM-S936B) 12/256 GB Silver,Samsung,1849.99,2319.99,470,AZN,0% 12 ay,Yes,Smartfonlar,https://kontakt.az/samsung-galaxy-s25-sm-s936b-12-256-gb-silver,https://kontakt.az/media/catalog/product/cache/d5c3506eddb65cd2e8f7539e513db76b/t/m/tm-dg-sbp-1105-sm-3281_13-7d6633b5.webp
114061,TM-DG-SBP-1105-SM-3733,iPhone 17 Pro 512 GB Cosmic Orange,Apple,3619.99,4199.99,580,AZN,0% 6 ay,Yes,Smartfonlar,https://kontakt.az/iphone-17-pro-512-gb-cosmic-orange,https://kontakt.az/media/catalog/product/cache/d5c3506eddb65cd2e8f7539e513db76b/t/m/tm-dg-sbp-1105-sm-3733_1.png
120520,TM-DG-SBP-1105-SM-3899,OPPO Find X9 16/512 GB Titanium Grey,OPPO,2349.99,2649.99,300,AZN,0% 12 ay,Unknown,Smartfonlar,https://kontakt.az/oppo-find-x9-16-512-gb-titanium-grey,https://kontakt.az/media/catalog/product/cache/d5c3506eddb65cd2e8f7539e513db76b/t/m/tm-dg-sbp-1105-sm-3899_1-4d127e99.webp
117737,TM-DG-SBP-1105-SM-3853,HONOR X9d 8/256 GB Reddish Brown,HONOR,669.99,899.99,230,AZN,0% 6 ay,Yes,Smartfonlar,https://kontakt.az/honor-x9d-8-256-gb-reddish-brawn,https://kontakt.az/media/catalog/product/cache/d5c3506eddb65cd2e8f7539e513db76b/t/m/tm-dg-sbp-1105-sm-3853_1.png
120337,TM-DG-SBP-1105-SM-3922,Vertu Quantum Flip Alligator 16 GB / 1 TB Iron Black,Vertu,18999.99,19999.99,1000,AZN,0% 6 ay,Unknown,Smartfonlar,https://kontakt.az/vertu-quantum-flip-alligator-16-gb-1-tb-iron-black,https://kontakt.az/media/catalog/product/cache/d5c3506eddb65cd2e8f7539e513db76b/t/m/tm-dg-sbp-1105-sm-3922_1-9ec3d0f1.webp
114069,TM-DG-SBP-1105-SM-3741,iPhone 17 Pro Max 2 TB Deep Blue,Apple,5499.99,6099.99,600,AZN,0% 6 ay,Yes,Smartfonlar,https://kontakt.az/iphone-17-pro-max-2-tb-deep-blue,https://kontakt.az/media/catalog/product/cache/d5c3506eddb65cd2e8f7539e513db76b/t/m/tm-dg-sbp-1105-sm-3741_1.png
120343,TM-DG-SBP-1105-SM-3928,Vertu Quantum Flip Agate 16 GB / 1 TB Volcanic Red,Vertu,15999.99,16999.99,1000,AZN,0% 6 ay,Unknown,Smartfonlar,https://kontakt.az/vertu-quantum-flip-agate-16-gb-1-tb-volcanic-red,https://kontakt.az/media/catalog/product/cache/d5c3506eddb65cd2e8f7539e513db76b/t/m/tm-dg-sbp-1105-sm-3928_1-5a68471c.webp
103551,TM-DG-SBP-1105-SM-3264,Samsung Galaxy S25 Ultra (SM-S938B) 12 GB / 1 TB Titanium Black,Samsung,3049.99,3719.99,670,AZN,0% 12 ay,Yes,Smartfonlar,https://kontakt.az/samsung-galaxy-s25-ultra-sm-s938b-12-gb-1-tb-titanium-black,https://kontakt.az/media/catalog/product/cache/d5c3506eddb65cd2e8f7539e513db76b/t/m/tm-dg-sbp-1105-sm-3264_1.png
114840,TM-DG-SBP-1105-SM-3655,Samsung Galaxy A07 (SM-A075) 6/128 GB Black,Samsung,279.99,329.99,50,AZN,0% 6 ay,Yes,Smartfonlar,https://kontakt.az/samsung-galaxy-a07-sm-a075-6-128-gb-black,https://kontakt.az/media/catalog/product/cache/d5c3506eddb65cd2e8f7539e513db76b/t/m/tm-dg-sbp-1105-sm-3655_1.png
103555,TM-DG-SBP-1105-SM-3271,Samsung Galaxy S25 Ultra (SM-S938B) 12/512GB Titanium Gray,Samsung,2619.99,3219.99,600,AZN,0% 12 ay,Yes,Smartfonlar,https://kontakt.az/samsung-galaxy-s25-sm-s938b-ultra-12-512gb-titanium-gray,https://kontakt.az/media/catalog/product/cache/d5c3506eddb65cd2e8f7539e513db76b/t/m/tm-dg-sbp-1105-sm-3271_1_1-651d8967.webp
103569,TM-DG-SBP-1105-SM-3287,Samsung Galaxy S25 (SM-S931B) 12/256 GB Navy,Samsung,1619.99,2069.99,450,AZN,0% 12 ay,Yes,Smartfonlar,https://kontakt.az/samsung-galaxy-s25-sm-s931b-12-256-gb-navy,https://kontakt.az/media/catalog/product/cache/d5c3506eddb65cd2e8f7539e513db76b/t/m/tm-dg-sbp-1105-sm-3287_1-fe925678.webp
114063,TM-DG-SBP-1105-SM-3735,iPhone 17 Pro 1 TB Silver,Apple,4099.99,4699.99,600,AZN,0% 6 ay,Yes,Smartfonlar,https://kontakt.az/iphone-17-pro-1-tb-silver,https://kontakt.az/media/catalog/product/cache/d5c3506eddb65cd2e8f7539e513db76b/t/m/tm-dg-sbp-1105-sm-3735_1.png
120079,TM-DG-SBP-1105-SM-3921,Vertu Quantum Flip Alligator 16 GB / 1 TB Amber Brown,Vertu,18999.99,19999.99,1000,AZN,0% 6 ay,Unknown,Smartfonlar,https://kontakt.az/vertu-quantum-flip-alligator-16-gb-1-tb-amber-brown,https://kontakt.az/media/catalog/product/cache/d5c3506eddb65cd2e8f7539e513db76b/t/m/tm-dg-sbp-1105-sm-3921_10-5e0c5792.webp
105945,TM-DG-SBP-1105-SM-3450,Samsung Galaxy A56 (SM-A566E) 8/256 GB Light Pink,Samsung,879.99,1099.99,220,AZN,0% 12 ay,Yes,Smartfonlar,https://kontakt.az/samsung-galaxy-a56-sm-a566e-8-256-gb-light-pink,https://kontakt.az/media/catalog/product/cache/d5c3506eddb65cd2e8f7539e513db76b/t/m/tm-dg-sbp-1105-sm-3450_1-6f3ed950.webp
115553,TM-DG-SBP-1105-SM-3658,Samsung Galaxy A17 (SM-A175) 6/128 GB Gray,Samsung,379.99,459.99,80,AZN,0% 6 ay,Yes,Smartfonlar,https://kontakt.az/samsung-galaxy-a17-sm-a175-6-128-gb-gray,https://kontakt.az/media/catalog/product/cache/d5c3506eddb65cd2e8f7539e513db76b/t/m/tm-dg-sbp-1105-sm-3658.png
120341,TM-DG-SBP-1105-SM-3926,Vertu Quantum Flip Agate 16 GB / 1 TB Meteorite Ash,Vertu,15999.99,16999.99,1000,AZN,0% 6 ay,Unknown,Smartfonlar,https://kontakt.az/vertu-quantum-flip-agate-16-gb-1-tb-meteorite-ash,https://kontakt.az/media/catalog/product/cache/d5c3506eddb65cd2e8f7539e513db76b/t/m/tm-dg-sbp-1105-sm-3926_1-6d7e4cc8.webp
103428,TM-DG-SBP-1105-SM-3253,Xiaomi Redmi Note 14 6/128 GB Lime Green,Xiaomi,399.99,479.99,80,AZN,0% 12 ay,Yes,Smartfonlar,https://kontakt.az/xiaomi-redmi-note-14-6-128-gb-lime-green,https://kontakt.az/media/catalog/product/cache/d5c3506eddb65cd2e8f7539e513db76b/t/m/tm-dg-sbp-1105-sm-3253_10-6c516460.webp
103272,TM-DG-SBP-1105-SM-3235,Xiaomi Redmi Note 14 6/128 GB Ocean Blue,Xiaomi,399.99,479.99,80,AZN,0% 12 ay,Yes,Smartfonlar,https://kontakt.az/xiaomi-redmi-note-14-6-128-gb-ocean-blue,https://kontakt.az/media/catalog/product/cache/d5c3506eddb65cd2e8f7539e513db76b/t/m/tm-dg-sbp-1105-sm-3235_12-478ffa0a.webp
114041,TM-DG-SBP-1105-SM-3713,iPhone Air 256 GB Cloud White,Apple,2499.99,2859.99,360,AZN,0% 6 ay,Yes,Smartfonlar,https://kontakt.az/iphone-air-256-gb-cloud-white,https://kontakt.az/media/catalog/product/cache/d5c3506eddb65cd2e8f7539e513db76b/t/m/tm-dg-sbp-1105-sm-3713_1.png
120336,TM-DG-SBP-1105-SM-3920,Vertu Metavertu Max Alli 12 GB / 1TB Special Amber Brown,Vertu,17999.99,19999.99,2000,AZN,0% 6 ay,Unknown,Smartfonlar,https://kontakt.az/vertu-metavertu-max-alli-12-gb-1tb-special-amber-brown,https://kontakt.az/media/catalog/product/cache/d5c3506eddb65cd2e8f7539e513db76b/t/m/tm-dg-sbp-1105-sm-3920_1-bc137e6f.webp
105457,TM-DG-SBP-1105-SM-3413,iPhone 16e 128 GB White,Apple,1449.99,1699.99,250,AZN,0% 6 ay,Yes,Smartfonlar,https://kontakt.az/iphone-16e-128-gb-white,https://kontakt.az/media/catalog/product/cache/d5c3506eddb65cd2e8f7539e513db76b/t/m/tm-dg-sbp-1105-sm-3413_1.png
105459,TM-DG-SBP-1105-SM-3415,iPhone 16e 256 GB White,Apple,1739.99,1989.99,250,AZN,0% 6 ay,Yes,Smartfonlar,https://kontakt.az/iphone-16e-256-gb-white,https://kontakt.az/media/catalog/product/cache/d5c3506eddb65cd2e8f7539e513db76b/t/m/tm-dg-sbp-1105-sm-3415_1.png
114027,TM-DG-SBP-1105-SM-3699,iPhone 17 256 GB Mist Blue,Apple,2249.99,2599.99,350,AZN,0% 6 ay,Yes,Smartfonlar,https://kontakt.az/iphone-17-256-gb-mist-blue,https://kontakt.az/media/catalog/product/cache/d5c3506eddb65cd2e8f7539e513db76b/t/m/tm-dg-sbp-1105-sm-3699_1.png
114023,TM-DG-SBP-1105-SM-3695,iPhone 17 256 GB White,Apple,2249.99,2599.99,350,AZN,0% 6 ay,Yes,Smartfonlar,https://kontakt.az/iphone-17-256-gb-white,https://kontakt.az/media/catalog/product/cache/d5c3506eddb65cd2e8f7539e513db76b/t/m/tm-dg-sbp-1105-sm-3695_1.png
103568,TM-DG-SBP-1105-SM-3286,Samsung Galaxy S25 (SM-S931B) 12/256 GB Icyblue,Samsung,1619.99,2069.99,450,AZN,0% 12 ay,Yes,Smartfonlar,https://kontakt.az/samsung-galaxy-s25-sm-s931b-12-256-gb-icy-blue,https://kontakt.az/media/catalog/product/cache/d5c3506eddb65cd2e8f7539e513db76b/t/m/tm-dg-sbp-1105-sm-3286_1.png
114058,TM-DG-SBP-1105-SM-3730,iPhone 17 Pro 512 GB Silver,Apple,3619.99,4199.99,580,AZN,0% 6 ay,Yes,Smartfonlar,https://kontakt.az/iphone-17-pro-512-gb-silver,https://kontakt.az/media/catalog/product/cache/d5c3506eddb65cd2e8f7539e513db76b/t/m/tm-dg-sbp-1105-sm-3730_1.png
106386,TM-DG-SBP-1105-SM-3430,Samsung Galaxy A26 (SM-A266B) 6/128 GB Light Green,Samsung,519.99,619.99,100,AZN,0% 6 ay,Yes,Smartfonlar,https://kontakt.az/samsung-galaxy-a26-sm-a266b-6-128-gb-light-green,https://kontakt.az/media/catalog/product/cache/d5c3506eddb65cd2e8f7539e513db76b/t/m/tm-dg-sbp-1105-sm-3430_1.png
110795,TM-DG-SBP-1105-SM-3604,Samsung Galaxy Z Fold7 (F966) 12/256 GB Silver Shadow,Samsung,3749.99,4219.99,470,AZN,0% 12 ay,Yes,Smartfonlar,https://kontakt.az/samsung-galaxy-z-fold7-f966-12-256-gb-silver,https://kontakt.az/media/catalog/product/cache/d5c3506eddb65cd2e8f7539e513db76b/t/m/tm-dg-sbp-1105-sm-3604_1.png
115078,TM-DG-SBP-1105-SM-3667,Samsung Galaxy S25 FE (SM-S731) 8/128 GB Black,Samsung,1199.99,1469.99,270,AZN,0% 12 ay,Yes,Smartfonlar,https://kontakt.az/samsung-galaxy-s25-fe-sm-s731-8-128-gb-black,https://kontakt.az/media/catalog/product/cache/d5c3506eddb65cd2e8f7539e513db76b/t/m/tm-dg-sbp-1105-sm-3667_1-8a179eb4.webp
110789,TM-DG-SBP-1105-SM-3598,Samsung Galaxy Z Fold7 (F966) 12/256 GB Dark Blue,Samsung,3749.99,4219.99,470,AZN,0% 12 ay,Yes,Smartfonlar,https://kontakt.az/samsung-galaxy-z-fold7-f966-12-256-gb-dark-blue,https://kontakt.az/media/catalog/product/cache/d5c3506eddb65cd2e8f7539e513db76b/t/m/tm-dg-sbp-1105-sm-3598_1.png
120333,TM-DG-SBP-1105-SM-3917,Vertu Metavertu Max Calf 12 GB / 1TB Jade Black,Vertu,11499.99,12499.99,1000,AZN,0% 6 ay,Unknown,Smartfonlar,https://kontakt.az/vertu-metavertu-max-calf-12-gb-1tb-jade-black,https://kontakt.az/media/catalog/product/cache/d5c3506eddb65cd2e8f7539e513db76b/t/m/tm-dg-sbp-1105-sm-3917_1000-0f6dcde1.webp
113571,TM-DG-SBP-1105-SM-3641,OPPO A5 6/128 GB CPH2727 Aurora Green,OPPO,379.99,469.99,90,AZN,0% 6 ay,Unknown,Smartfonlar,https://kontakt.az/oppo-a5-6-128-gb-cph2727-nebula-redoppo-a5i-4-128-gb-cph2773-aurora-green,https://kontakt.az/media/catalog/product/cache/d5c3506eddb65cd2e8f7539e513db76b/t/m/tm-dg-sbp-1105-sm-3641_1.png
110491,TM-DG-SBP-1105-SM-3434,Samsung Galaxy A26 (SM-A266B) 8/256 GB White,Samsung,599.99,719.99,120,AZN,0% 12 ay,Yes,Smartfonlar,https://kontakt.az/samsung-galaxy-a26-sm-a266b-8-256-gb-white,https://kontakt.az/media/catalog/product/cache/d5c3506eddb65cd2e8f7539e513db76b/t/m/tm-dg-sbp-1105-sm-3434_1.png
110472,TM-DG-SBP-1105-SM-3583,HONOR 400 8/256 GB Gold,HONOR,829.99,1019.99,190,AZN,0% 6 ay,Yes,Smartfonlar,https://kontakt.az/honor-400-8-256-gb-gold,https://kontakt.az/media/catalog/product/cache/d5c3506eddb65cd2e8f7539e513db76b/t/m/tm-dg-sbp-1105-sm-3583_1.png
103570,TM-DG-SBP-1105-SM-3288,Samsung Galaxy S25 (SM-S931B) 12/128 GB Mint,Samsung,1559.99,1919.99,360,AZN,0% 12 ay,Yes,Smartfonlar,https://kontakt.az/samsung-galaxy-s25-sm-s931b-12-128-gb-mint,https://kontakt.az/media/catalog/product/cache/d5c3506eddb65cd2e8f7539e513db76b/t/m/tm-dg-sbp-1105-sm-3288_1.png
106387,TM-DG-SBP-1105-SM-3433,Samsung Galaxy A26 (SM-A266B) 8/256 GB Light Green,Samsung,599.99,719.99,120,AZN,0% 12 ay,Yes,Smartfonlar,https://kontakt.az/samsung-galaxy-a26-sm-a266b-8-256-gb-light-green,https://kontakt.az/media/catalog/product/cache/d5c3506eddb65cd2e8f7539e513db76b/t/m/tm-dg-sbp-1105-sm-3433_1-5751255c.webp
106361,TM-DG-SBP-1105-SM-3431,Samsung Galaxy A26 (SM-A266B) 6/128 GB White,Samsung,519.99,619.99,100,AZN,0% 6 ay,Yes,Smartfonlar,https://kontakt.az/samsung-galaxy-a26-sm-a266b-6-128-gb-white,https://kontakt.az/media/catalog/product/cache/d5c3506eddb65cd2e8f7539e513db76b/t/m/tm-dg-sbp-1105-sm-3431_1.png
120328,TM-DG-SBP-1105-SM-3911,Vertu IronFlip Carbon Texture 12/512 GB Yellow,Vertu,14999.99,16499.99,1500,AZN,0% 6 ay,Unknown,Smartfonlar,https://kontakt.az/vertu-ironflip-carbon-texture-12-512-gb-yellow,https://kontakt.az/media/catalog/product/cache/d5c3506eddb65cd2e8f7539e513db76b/t/m/tm-dg-sbp-1105-sm-3911_1-f31ecbcc.webp
113697,TM-DG-SBP-1105-SM-3642,OPPO A5 8/256 GB CPH2727 Mist White,OPPO,449.99,519.99,70,AZN,0% 6 ay,Unknown,Smartfonlar,https://kontakt.az/oppo-a5-8-256-gb-cph2727-mist-white,https://kontakt.az/media/catalog/product/cache/d5c3506eddb65cd2e8f7539e513db76b/t/m/tm-dg-sbp-1105-sm-3642_1-fc7b1675.webp
120077,TM-DG-SBP-1105-SM-3910,Vertu IronFlip Carbon Texture 12/512 GB Twill,Vertu,14999.99,16499.99,1500,AZN,0% 6 ay,Unknown,Smartfonlar,https://kontakt.az/vertu-ironflip-carbon-texture-12-512-gb-twill,https://kontakt.az/media/catalog/product/cache/d5c3506eddb65cd2e8f7539e513db76b/t/m/tm-dg-sbp-1105-sm-3910_1-e2769c83.webp
117740,TM-DG-SBP-1105-SM-3856,HONOR X9d 12/256 GB Reddish Brown,HONOR,769.99,999.99,230,AZN,0% 6 ay,Yes,Smartfonlar,https://kontakt.az/honor-x9d-8-256-gb-reddish-brawn-6904522cabe89,https://kontakt.az/media/catalog/product/cache/d5c3506eddb65cd2e8f7539e513db76b/t/m/tm-dg-sbp-1105-sm-3856_1.png
120525,TM-DG-SBP-1105-SM-3904,OnePlus Nord 5 12/512 GB Phantom Grey,OnePlus,1529.99,1749.99,220,AZN,0% 18 ay,Unknown,Smartfonlar,https://kontakt.az/oneplus-nord-5-12-512-gb-phantom-grey,https://kontakt.az/media/catalog/product/cache/d5c3506eddb65cd2e8f7539e513db76b/t/m/tm-dg-sbp-1105-sm-3904_1-db17a1e1.webp
113572,TM-DG-SBP-1105-SM-3643,OPPO A5 8/256 GB CPH2727 Aurora Green,OPPO,449.99,519.99,70,AZN,0% 6 ay,Unknown,Smartfonlar,https://kontakt.az/oppo-a5-6-128-gb-cph2727-nebula-redoppo-a5i-8-256-gb-cph2727-aurora-green,https://kontakt.az/media/catalog/product/cache/d5c3506eddb65cd2e8f7539e513db76b/t/m/tm-dg-sbp-1105-sm-3643_1.png
114476,TM-DG-SBP-1105-SM-3649,Samsung Galaxy A07 (SM-A075) 6/128 GB Light Violet,Samsung,279.99,329.99,50,AZN,0% 6 ay,Yes,Smartfonlar,https://kontakt.az/samsung-galaxy-a07-sm-a075-6-128-gb-light-violet,https://kontakt.az/media/catalog/product/cache/d5c3506eddb65cd2e8f7539e513db76b/t/m/tm-dg-sbp-1105-sm-3649_1.png
81145,TM-DG-SBP-1105-SM-2647,Samsung Galaxy S24 (SM-S921B) 8/256 GB Cobalt Violet,Samsung,1539.99,1819.99,280,AZN,0% 12 ay,Yes,Smartfonlar,https://kontakt.az/samsung-galaxy-s24-sm-s921b-8-256-gb-violet,https://kontakt.az/media/catalog/product/cache/d5c3506eddb65cd2e8f7539e513db76b/t/m/tm-dg-sbp-1105-sm-2647_12.png
114478,TM-DG-SBP-1105-SM-3653,Samsung Galaxy A07 (SM-A075) 4/64 GB Black,Samsung,229.99,269.99,40,AZN,0% 6 ay,Yes,Smartfonlar,https://kontakt.az/samsung-galaxy-a07-sm-a075-4-64-gb-black,https://kontakt.az/media/catalog/product/cache/d5c3506eddb65cd2e8f7539e513db76b/t/m/tm-dg-sbp-1105-sm-3653_1.png
115132,TM-DG-SBP-1105-SM-3659,Samsung Galaxy A17 (SM-A175) 4/128 GB Gray,Samsung,339.99,419.99,80,AZN,0% 6 ay,Yes,Smartfonlar,https://kontakt.az/samsung-galaxy-a17-sm-a175-4-128-gb-gray,https://kontakt.az/media/catalog/product/cache/d5c3506eddb65cd2e8f7539e513db76b/t/m/tm-dg-sbp-1105-sm-3659_1.png
120522,TM-DG-SBP-1105-SM-3901,OPPO A5 Pro 8/128 GB Mocha Brown,OPPO,449.99,569.99,120,AZN,0% 6 ay,Unknown,Smartfonlar,https://kontakt.az/oppo-a5-pro-8-128-gb-mocha-brown,https://kontakt.az/media/catalog/product/cache/d5c3506eddb65cd2e8f7539e513db76b/t/m/tm-dg-sbp-1105-sm-3901_1-39c26a97.webp
110787,TM-DG-SBP-1105-SM-3596,Samsung Galaxy Z Flip7 (F766) 12/256 GB Black,Samsung,1999.99,2519.99,520,AZN,0% 12 ay,Yes,Smartfonlar,https://kontakt.az/samsung-galaxy-z-flip7-f766-12-256-gb-black,https://kontakt.az/media/catalog/product/cache/d5c3506eddb65cd2e8f7539e513db76b/t/m/tm-dg-sbp-1105-sm-3596_1.png
105941,TM-DG-SBP-1105-SM-3446,Samsung Galaxy A56 (SM-A566E) 8/128 GB Light Pink,Samsung,789.99,999.99,210,AZN,0% 12 ay,Yes,Smartfonlar,https://kontakt.az/samsung-galaxy-a56-sm-a566e-8-128-gb-light-pink,https://kontakt.az/media/catalog/product/cache/d5c3506eddb65cd2e8f7539e513db76b/t/m/tm-dg-sbp-1105-sm-3446_1.png
105937,TM-DG-SBP-1105-SM-3442,Samsung Galaxy A36 (SM-A366E) 8/256 GB Light Violet,Samsung,719.99,919.99,200,AZN,0% 6 ay,Yes,Smartfonlar,https://kontakt.az/samsung-galaxy-a36-sm-a366e-8-256-gb-light-violet,https://kontakt.az/media/catalog/product/cache/d5c3506eddb65cd2e8f7539e513db76b/t/m/tm-dg-sbp-1105-sm-3442_1-8732d695.webp
117736,TM-DG-SBP-1105-SM-3852,HONOR X9d 8/256 GB Forest Green,HONOR,669.99,899.99,230,AZN,0% 6 ay,Yes,Smartfonlar,https://kontakt.az/honor-x9d-8-256-gb-forest-green,https://kontakt.az/media/catalog/product/cache/d5c3506eddb65cd2e8f7539e513db76b/t/m/tm-dg-sbp-1105-sm-3852_1.png
113486,TM-DG-SBP-1105-SM-3624,Motorola moto g56 5G 12/256 GB Pantone Dazzling Blue,Motorola,529.99,599.99,70,AZN,0% 6 ay,Unknown,Smartfonlar,https://kontakt.az/motorola-moto-g56-5g-12-256-gb-pantone-dazzling-blue,https://kontakt.az/media/catalog/product/cache/d5c3506eddb65cd2e8f7539e513db76b/t/m/tm-dg-sbp-1105-sm-3624_1.png
115133,TM-DG-SBP-1105-SM-3665,Samsung Galaxy S25 FE (SM-S731) 8/256 GB Dark Blue,Samsung,1319.99,1619.99,300,AZN,0% 12 ay,Yes,Smartfonlar,https://kontakt.az/samsung-galaxy-s25-fe-sm-s731-8-256-gb-dark-blue,https://kontakt.az/media/catalog/product/cache/d5c3506eddb65cd2e8f7539e513db76b/t/m/tm-dg-sbp-1105-sm-3665_1-a8c7302a.webp
114776,TM-DG-SBP-1105-SM-3780,OPPO Reno14 F 8/256 GB Luminous Green,OPPO,849.99,949.99,100,AZN,0% 12 ay,Yes,Smartfonlar,https://kontakt.az/oppo-reno14-f-8-256-gb-luminous-green,https://kontakt.az/media/catalog/product/cache/d5c3506eddb65cd2e8f7539e513db76b/t/m/tm-dg-sbp-1105-sm-3780_1.png
110783,TM-DG-SBP-1105-SM-3595,Samsung Galaxy Z Flip7 (F766) 12/256 GB Dark Blue,Samsung,1999.99,2519.99,520,AZN,0% 12 ay,Yes,Smartfonlar,https://kontakt.az/samsung-galaxy-z-flip7-f766-12-256-gb-dark-blue,https://kontakt.az/media/catalog/product/cache/d5c3506eddb65cd2e8f7539e513db76b/t/m/tm-dg-sbp-1105-sm-3595_10-ff4dd278.webp
105939,TM-DG-SBP-1105-SM-3444,Samsung Galaxy A56 (SM-A566E) 8/128 GB Gray,Samsung,789.99,999.99,210,AZN,0% 12 ay,Yes,Smartfonlar,https://kontakt.az/samsung-galaxy-a56-sm-a566e-8-128-gb-gray,https://kontakt.az/media/catalog/product/cache/d5c3506eddb65cd2e8f7539e513db76b/t/m/tm-dg-sbp-1105-sm-3444_1.png
121260,TM-DG-SBP-1105-SM-3971,Xiaomi Redmi Note 15 Pro+ 5G 12/512 GB Black,Xiaomi,1069.99,1369.99,300,AZN,0% 18 ay,Unknown,Smartfonlar,https://kontakt.az/xiaomi-redmi-note-15-pro-plus-5g-12-512-gb-black,https://kontakt.az/media/catalog/product/cache/d5c3506eddb65cd2e8f7539e513db76b/t/m/tm-dg-sbp-1105-sm-3971_1-f8c9ce11.webp
114777,TM-DG-SBP-1105-SM-3781,OPPO A5 Pro 8/256 GB Feather Blue,OPPO,529.99,669.99,140,AZN,0% 12 ay,Yes,Smartfonlar,https://kontakt.az/oppo-a5-pro-8-256-gb-feather-blue,https://kontakt.az/media/catalog/product/cache/d5c3506eddb65cd2e8f7539e513db76b/t/m/tm-dg-sbp-1105-sm-3781_1-08da25e8.webp
114026,TM-DG-SBP-1105-SM-3698,iPhone 17 256 GB Lavender,Apple,2249.99,2599.99,350,AZN,0% 6 ay,Yes,Smartfonlar,https://kontakt.az/iphone-17-256-gb-lavender,https://kontakt.az/media/catalog/product/cache/d5c3506eddb65cd2e8f7539e513db76b/t/m/tm-dg-sbp-1105-sm-3698_1.png
103553,TM-DG-SBP-1105-SM-3269,Samsung Galaxy S25 Ultra (SM-S938B) 12/512 GB Titanium Silver Blue,Samsung,2619.99,3219.99,600,AZN,0% 12 ay,Yes,Smartfonlar,https://kontakt.az/samsung-galaxy-s25-ultra-sm-s938b-12-512-gb-titanium-silver-blue,https://kontakt.az/media/catalog/product/cache/d5c3506eddb65cd2e8f7539e513db76b/t/m/tm-dg-sbp-1105-sm-3269_1.png
114066,TM-DG-SBP-1105-SM-3738,iPhone 17 Pro 1 TB Cosmic Orange,Apple,4099.99,4699.99,600,AZN,0% 6 ay,Yes,Smartfonlar,https://kontakt.az/iphone-17-pro-1-tb-cosmic-orange,https://kontakt.az/media/catalog/product/cache/d5c3506eddb65cd2e8f7539e513db76b/t/m/tm-dg-sbp-1105-sm-3738_1.png
114072,TM-DG-SBP-1105-SM-3744,iPhone 17 Pro Max 2 TB Cosmic Orange,Apple,5499.99,6099.99,600,AZN,0% 6 ay,Yes,Smartfonlar,https://kontakt.az/iphone-17-pro-max-2-tb-cosmic-orange,https://kontakt.az/media/catalog/product/cache/d5c3506eddb65cd2e8f7539e513db76b/t/m/tm-dg-sbp-1105-sm-3744_1.png
114065,TM-DG-SBP-1105-SM-3737,iPhone 17 Pro 1 TB Deep Blue,Apple,4099.99,4699.99,600,AZN,0% 6 ay,Yes,Smartfonlar,https://kontakt.az/iphone-17-pro-1-tb-deep-blue,https://kontakt.az/media/catalog/product/cache/d5c3506eddb65cd2e8f7539e513db76b/t/m/tm-dg-sbp-1105-sm-3737_1.png
110796,TM-DG-SBP-1105-SM-3605,Samsung Galaxy Z Fold7 (F966) 12/512 GB Silver Shadow,Samsung,3999.99,4519.99,520,AZN,0% 12 ay,Yes,Smartfonlar,https://kontakt.az/samsung-galaxy-z-fold7-f966-12-512-gb-silver,https://kontakt.az/media/catalog/product/cache/d5c3506eddb65cd2e8f7539e513db76b/t/m/tm-dg-sbp-1105-sm-3605_1.png
111351,TM-DG-SBP-1105-SM-3617,HONOR X6c 6/256 GB Midnight Black,HONOR,329.99,409.99,80,AZN,0% 6 ay,Yes,Smartfonlar,https://kontakt.az/honor-x6c-6-256-gb-midnight-black,https://kontakt.az/media/catalog/product/cache/d5c3506eddb65cd2e8f7539e513db76b/t/m/tm-dg-sbp-1105-sm-3617_1.png
115072,TM-DG-SBP-1105-SM-3656,Samsung Galaxy A17 (SM-A175) 6/128 GB Light Blue,Samsung,379.99,459.99,80,AZN,0% 6 ay,Yes,Smartfonlar,https://kontakt.az/samsung-galaxy-a17-sm-a175-6-128-gb-light-blue,https://kontakt.az/media/catalog/product/cache/d5c3506eddb65cd2e8f7539e513db76b/t/m/tm-dg-sbp-1105-sm-3656_100.png
114838,TM-DG-SBP-1105-SM-3640,OPPO A5 6/128 GB CPH2727 Mist White,OPPO,379.99,469.99,90,AZN,0% 6 ay,Unknown,Smartfonlar,https://kontakt.az/oppo-a5-6-128-gb-cph2727-mist-white,https://kontakt.az/media/catalog/product/cache/d5c3506eddb65cd2e8f7539e513db76b/t/m/tm-dg-sbp-1105-sm-3640_-66805d7e.webp
119674,TM-DG-SBP-1105-SM-3890,Google Pixel 10 Pro XL 16/256 GB Moonstone,Google,2799.99,3399.99,600,AZN,0% 12 ay,Yes,Smartfonlar,https://kontakt.az/google-pixel-10-pro-xl-16-256-gb-moonstone,https://kontakt.az/media/catalog/product/cache/d5c3506eddb65cd2e8f7539e513db76b/t/m/tm-dg-sbp-1105-sm-3890_1.png
115073,TM-DG-SBP-1105-SM-3660,Samsung Galaxy A17 (SM-A175) 8/256 GB Gray,Samsung,459.99,569.99,110,AZN,0% 6 ay,Yes,Smartfonlar,https://kontakt.az/samsung-galaxy-a17-sm-a175-8-256-gb-gray,https://kontakt.az/media/catalog/product/cache/d5c3506eddb65cd2e8f7539e513db76b/t/m/tm-dg-sbp-1105-sm-3660_1.png
120523,TM-DG-SBP-1105-SM-3902,OPPO A5 Pro 8/128 GB Feather Blue,OPPO,449.99,569.99,120,AZN,0% 6 ay,Unknown,Smartfonlar,https://kontakt.az/oppo-a5-pro-8-128-gb-feather-blue,https://kontakt.az/media/catalog/product/cache/d5c3506eddb65cd2e8f7539e513db76b/t/m/tm-dg-sbp-1105-sm-3902_1-0a7a9346.webp
120521,TM-DG-SBP-1105-SM-3900,OPPO Find X9 16/512 GB Space Black,OPPO,2349.99,2649.99,300,AZN,0% 12 ay,Unknown,Smartfonlar,https://kontakt.az/oppo-find-x9-16-512-gb-space-black,https://kontakt.az/media/catalog/product/cache/d5c3506eddb65cd2e8f7539e513db76b/t/m/tm-dg-sbp-1105-sm-3900_1-28aa3dd8.webp
110793,TM-DG-SBP-1105-SM-3602,Samsung Galaxy Z Fold7 (F966) 12/512 GB Black,Samsung,3999.99,4519.99,520,AZN,0% 12 ay,Yes,Smartfonlar,https://kontakt.az/samsung-galaxy-z-fold7-f966-12-512-gb-black,https://kontakt.az/media/catalog/product/cache/d5c3506eddb65cd2e8f7539e513db76b/t/m/tm-dg-sbp-1105-sm-3602_1.png
105940,TM-DG-SBP-1105-SM-3445,Samsung Galaxy A56 (SM-A566E) 8/128 GB Green,Samsung,789.99,999.99,210,AZN,0% 12 ay,Yes,Smartfonlar,https://kontakt.az/samsung-galaxy-a56-sm-a566e-8-128-gb-green,https://kontakt.az/media/catalog/product/cache/d5c3506eddb65cd2e8f7539e513db76b/t/m/tm-dg-sbp-1105-sm-3445_1.png
120332,TM-DG-SBP-1105-SM-3916,Vertu Metavertu Max Alli 12 GB / 1TB Iron Black,Vertu,18499.99,20499.99,2000,AZN,0% 6 ay,Unknown,Smartfonlar,https://kontakt.az/vertu-metavertu-max-alli-12-gb-1tb-iron-black,https://kontakt.az/media/catalog/product/cache/d5c3506eddb65cd2e8f7539e513db76b/t/m/tm-dg-sbp-1105-sm-3916_1-331bae24.webp
114553,TM-DG-SBP-1105-SM-3770,HONOR X7d 8/128 GB Velvet Black,HONOR,389.99,489.99,100,AZN,0% 6 ay,Yes,Smartfonlar,https://kontakt.az/honor-x7d-8-128-gb-velvet-black,https://kontakt.az/media/catalog/product/cache/d5c3506eddb65cd2e8f7539e513db76b/t/m/tm-dg-sbp-1105-sm-3770_1.png
114028,TM-DG-SBP-1105-SM-3700,iPhone 17 512 GB Black,Apple,2849.99,3249.99,400,AZN,,Yes,Smartfonlar,https://kontakt.az/iphone-17-512-gb-black,https://kontakt.az/media/catalog/product/cache/d5c3506eddb65cd2e8f7539e513db76b/t/m/tm-dg-sbp-1105-sm-3700_1.png
114557,TM-DG-SBP-1105-SM-3774,HONOR X7d 8/256 GB Meteor Silver,HONOR,439.99,539.99,100,AZN,0% 6 ay,Yes,Smartfonlar,https://kontakt.az/honor-x7d-8-256-gb-meteor-silver,https://kontakt.az/media/catalog/product/cache/d5c3506eddb65cd2e8f7539e513db76b/t/m/tm-dg-sbp-1105-sm-3774_1.png
115645,TM-DG-SBP-1105-SM-3657,Samsung Galaxy A17 (SM-A175) 4/128 GB Light Blue,Samsung,339.99,419.99,80,AZN,0% 6 ay,Yes,Smartfonlar,https://kontakt.az/samsung-galaxy-a17-sm-a175-4-128-gb-light-blue,https://kontakt.az/media/catalog/product/cache/d5c3506eddb65cd2e8f7539e513db76b/t/m/tm-dg-sbp-1105-sm-3657_10.png
114477,TM-DG-SBP-1105-SM-3651,Samsung Galaxy A07 (SM-A075) 4/128 GB Green,Samsung,269.99,309.99,40,AZN,0% 6 ay,Yes,Smartfonlar,https://kontakt.az/samsung-galaxy-a07-sm-a075-4-128-gb-green,https://kontakt.az/media/catalog/product/cache/d5c3506eddb65cd2e8f7539e513db76b/t/m/tm-dg-sbp-1105-sm-3651_1.png
103573,TM-DG-SBP-1105-SM-3291,Samsung Galaxy S25 (SM-S931B) 12/128 GB Navy,Samsung,1559.99,1919.99,360,AZN,0% 12 ay,Yes,Telefoniya,https://kontakt.az/samsung-galaxy-s25-sm-s931b-12-128-gb-navy,https://kontakt.az/media/catalog/product/cache/d5c3506eddb65cd2e8f7539e513db76b/t/m/tm-dg-sbp-1105-sm-3291_1.png
119673,TM-DG-SBP-1105-SM-3889,Google Pixel 10 Pro 16/256 GB Obsidian,Google,2699.99,3299.99,600,AZN,0% 12 ay,Yes,Smartfonlar,https://kontakt.az/google-pixel-10-pro-16-256-gb-obsidian,https://kontakt.az/media/catalog/product/cache/d5c3506eddb65cd2e8f7539e513db76b/t/m/tm-dg-sbp-1105-sm-3889_1.png
115554,TM-DG-SBP-1105-SM-3797,Samsung Galaxy S25 FE (SM-S731) 8/512 GB Black,Samsung,1569.99,1869.99,300,AZN,0% 12 ay,Unknown,Smartfonlar,https://kontakt.az/samsung-galaxy-s25-fe-sm-s731-8-512-gb-black,https://kontakt.az/media/catalog/product/cache/d5c3506eddb65cd2e8f7539e513db76b/t/m/tm-dg-sbp-1105-sm-3797_.png
119671,TM-DG-SBP-1105-SM-3887,Google Pixel 10 12/128 GB Obsidian,Google,1899.99,2299.99,400,AZN,0% 18 ay,Yes,Smartfonlar,https://kontakt.az/google-pixel-10-12-128-gb-obsidian,https://kontakt.az/media/catalog/product/cache/d5c3506eddb65cd2e8f7539e513db76b/t/m/tm-dg-sbp-1105-sm-3887_1.png
120329,TM-DG-SBP-1105-SM-3912,Vertu IronFlip Calf 12/512 GB Dawning Orange,Vertu,12999.99,13999.99,1000,AZN,0% 6 ay,Unknown,Smartfonlar,https://kontakt.az/vertu-ironflip-calf-12-512-gb-dawning-orange,https://kontakt.az/media/catalog/product/cache/d5c3506eddb65cd2e8f7539e513db76b/t/m/tm-dg-sbp-1105-sm-3912_1-c0a6321d.webp
117573,TM-DG-SBP-1105-SM-3841,Motorola moto g86 Power 5G 8/512 GB Spellbound Grey,Motorola,709.99,799.99,90,AZN,0% 6 ay,Yes,Smartfonlar,https://kontakt.az/motorola-moto-g86-power-5g-8-512-gb-spellbound-grey,https://kontakt.az/media/catalog/product/cache/d5c3506eddb65cd2e8f7539e513db76b/t/m/tm-dg-sbp-1105-sm-3841_1.png
119670,TM-DG-SBP-1105-SM-3886,Google Pixel 10 12/128 GB Frost,Google,1899.99,2299.99,400,AZN,0% 18 ay,Yes,Smartfonlar,https://kontakt.az/google-pixel-10-12-128-gb-frost,https://kontakt.az/media/catalog/product/cache/d5c3506eddb65cd2e8f7539e513db76b/t/m/tm-dg-sbp-1105-sm-3886_1.png
103572,TM-DG-SBP-1105-SM-3290,Samsung Galaxy S25 (SM-S931B) 12/128 GB Icyblue,Samsung,1559.99,1919.99,360,AZN,0% 12 ay,Yes,Smartfonlar,https://kontakt.az/samsung-galaxy-s25-sm-s931b-12-128-gb-icy-blue,https://kontakt.az/media/catalog/product/cache/d5c3506eddb65cd2e8f7539e513db76b/t/m/tm-dg-sbp-1105-sm-3290_1.png
117574,TM-DG-SBP-1105-SM-3842,Motorola moto g86 Power 5G 8/512 GB Golden Cypress,Motorola,709.99,799.99,90,AZN,0% 6 ay,Yes,Smartfonlar,https://kontakt.az/motorola-moto-g86-power-5g-8-512-gb-golden-cypress,https://kontakt.az/media/catalog/product/cache/d5c3506eddb65cd2e8f7539e513db76b/t/m/tm-dg-sbp-1105-sm-3842_.png
110792,TM-DG-SBP-1105-SM-3601,Samsung Galaxy Z Fold7 (F966) 12/256 GB Black,Samsung,3749.99,4219.99,470,AZN,0% 12 ay,Yes,Smartfonlar,https://kontakt.az/samsung-galaxy-z-fold7-f966-12-256-gb-black,https://kontakt.az/media/catalog/product/cache/d5c3506eddb65cd2e8f7539e513db76b/t/m/tm-dg-sbp-1105-sm-3601_1-50ada9ce.webp
121252,TM-DG-SBP-1105-SM-3943,Xiaomi Redmi Note 15 Pro 8/256 GB Black,Xiaomi,619.99,819.99,200,AZN,0% 6 ay,Unknown,Smartfonlar,https://kontakt.az/xiaomi-redmi-note-15-pro-8-256-gb-black,https://kontakt.az/media/catalog/product/cache/d5c3506eddb65cd2e8f7539e513db76b/t/m/tm-dg-sbp-1105-sm-3943_654-65596509.webp
99232,TM-DG-SBP-1105-SM-2994,Vertu IronFlip YG Navy Blue Alli (CIF-E-HJ-BE11-A-EU),Vertu,27989.99,29999.99,2010,AZN,0% 6 ay,Unknown,Smartfonlar,https://kontakt.az/vertu-ironflip-yg-navy-blue-alli-cif-e-hj-be11-a-eu,https://kontakt.az/media/catalog/product/cache/d5c3506eddb65cd2e8f7539e513db76b/t/m/tm-dg-sbp-1105-sm-2994_12.png
114839,TM-DG-SBP-1105-SM-3650,Samsung Galaxy A07 (SM-A075) 4/64 GB Green,Samsung,229.99,269.99,40,AZN,0% 6 ay,Yes,Smartfonlar,https://kontakt.az/samsung-galaxy-a07-sm-a075-4-64-gb-green,https://kontakt.az/media/catalog/product/cache/d5c3506eddb65cd2e8f7539e513db76b/t/m/tm-dg-sbp-1105-sm-3650_1.png
114554,TM-DG-SBP-1105-SM-3771,HONOR X7d 8/128 GB Meteor Silver,HONOR,389.99,489.99,100,AZN,0% 6 ay,Yes,Smartfonlar,https://kontakt.az/honor-x7d-8-128-gb-meteor-silver,https://kontakt.az/media/catalog/product/cache/d5c3506eddb65cd2e8f7539e513db76b/t/m/tm-dg-sbp-1105-sm-3771_1_1.png
104822,TM-DG-SBP-1105-SM-3331,Poco X7 Pro 8/256 GB Yellow,Poco,729.99,969.99,240,AZN,0% 18 ay,Yes,Smartfonlar,https://kontakt.az/poco-x7-pro-8-256-gb-yellow,https://kontakt.az/media/catalog/product/cache/d5c3506eddb65cd2e8f7539e513db76b/t/m/tm-dg-sbp-1105-sm-3331_1.png
110788,TM-DG-SBP-1105-SM-3597,Samsung Galaxy Z Flip7 (F766) 12/512 GB Black,Samsung,2149.99,2719.99,570,AZN,0% 12 ay,Unknown,Smartfonlar,https://kontakt.az/samsung-galaxy-z-flip7-f766-12-512-gb-black,https://kontakt.az/media/catalog/product/cache/d5c3506eddb65cd2e8f7539e513db76b/t/m/tm-dg-sbp-1105-sm-3597_1.png
117739,TM-DG-SBP-1105-SM-3855,HONOR X9d 12/256 GB Forest Green,HONOR,769.99,999.99,230,AZN,0% 6 ay,Yes,Smartfonlar,https://kontakt.az/honor-x9d-12-256-gb-forest-green,https://kontakt.az/media/catalog/product/cache/d5c3506eddb65cd2e8f7539e513db76b/t/m/tm-dg-sbp-1105-sm-3855_1.png
110797,TM-DG-SBP-1105-SM-3606,Samsung Galaxy Z Flip7 (F766) 12/256 GB Red,Samsung,1999.99,2519.99,520,AZN,0% 12 ay,Yes,Smartfonlar,https://kontakt.az/samsung-galaxy-z-flip7-f766-12-256-gb-red,https://kontakt.az/media/catalog/product/cache/d5c3506eddb65cd2e8f7539e513db76b/t/m/tm-dg-sbp-1105-sm-3606_1.png
119675,TM-DG-SBP-1105-SM-3891,Google Pixel 10 Pro XL 16/256 GB Obsidian,Google,2799.99,3399.99,600,AZN,0% 12 ay,Yes,Smartfonlar,https://kontakt.az/google-pixel-10-pro-xl-16-256-gb-obsidian,https://kontakt.az/media/catalog/product/cache/d5c3506eddb65cd2e8f7539e513db76b/t/m/tm-dg-sbp-1105-sm-3891_1.png
114031,TM-DG-SBP-1105-SM-3703,iPhone 17 512 GB Sage,Apple,2849.99,3249.99,400,AZN,0% 6 ay,Yes,Smartfonlar,https://kontakt.az/iphone-17-512-gb-sage,https://kontakt.az/media/catalog/product/cache/d5c3506eddb65cd2e8f7539e513db76b/t/m/tm-dg-sbp-1105-sm-3703_1.png
119773,TM-DG-SBP-1105-SM-3893,RedMagic 11 Pro 16/512 GB NightFreeze,ZTE,2499.99,2899.99,400,AZN,0% 6 ay,Unknown,Telefoniya,https://kontakt.az/redmagic-11-pro-16-512-gb-nightfreeze,https://kontakt.az/media/catalog/product/cache/d5c3506eddb65cd2e8f7539e513db76b/t/m/tm-dg-sbp-1105-sm-3893_1.png
120335,TM-DG-SBP-1105-SM-3919,Vertu Metavertu Max Alli 12 GB / 1TB Navy Blue,Vertu,18499.99,20499.99,2000,AZN,0% 6 ay,Unknown,Smartfonlar,https://kontakt.az/vertu-metavertu-max-alli-12-gb-1tb-navy-blue,https://kontakt.az/media/catalog/product/cache/d5c3506eddb65cd2e8f7539e513db76b/t/m/tm-dg-sbp-1105-sm-3919_1-1565f2bf.webp
120330,TM-DG-SBP-1105-SM-3913,Vertu IronFlip Calf 12/512 GB Moon White,Vertu,12999.99,13999.99,1000,AZN,0% 6 ay,Unknown,Smartfonlar,https://kontakt.az/vertu-ironflip-calf-12-512-gb-moon-white,https://kontakt.az/media/catalog/product/cache/d5c3506eddb65cd2e8f7539e513db76b/t/m/tm-dg-sbp-1105-sm-3913_1-d1ce6552.webp
120386,TM-DG-SBP-1105-SM-3930,Doogee S41 Max 6/256 GB Black,Doogee,299.99,379.99,80,AZN,0% 6 ay,Yes,Telefoniya,https://kontakt.az/doogee-s41-max-6-256-gb-black,https://kontakt.az/media/catalog/product/cache/d5c3506eddb65cd2e8f7539e513db76b/t/m/tm-dg-sbp-1105-sm-3930_1-76cfdf34.webp
116461,TM-DG-SBP-1105-SM-3793,Xiaomi 15T Pro 12 GB / 1 TB Gray,Xiaomi,1599.99,1929.99,330,AZN,0% 12 ay,Unknown,Smartfonlar,https://kontakt.az/xiaomi-15t-pro-12-gb-1-tb-gray,https://kontakt.az/media/catalog/product/cache/d5c3506eddb65cd2e8f7539e513db76b/t/m/tm-dg-sbp-1105-sm-3793_1.png
110473,TM-DG-SBP-1105-SM-3584,HONOR 400 8/256 GB Meteor Silver,HONOR,829.99,1019.99,190,AZN,0% 6 ay,Yes,Smartfonlar,https://kontakt.az/honor-400-8-256-gb-white,https://kontakt.az/media/catalog/product/cache/d5c3506eddb65cd2e8f7539e513db76b/t/m/tm-dg-sbp-1105-sm-3584_1.png
114475,TM-DG-SBP-1105-SM-3648,Samsung Galaxy A07 (SM-A075) 4/128 GB Light Violet,Samsung,269.99,309.99,40,AZN,0% 6 ay,Yes,Smartfonlar,https://kontakt.az/samsung-galaxy-a07-sm-a075-4-128-gb-light-violet,https://kontakt.az/media/catalog/product/cache/d5c3506eddb65cd2e8f7539e513db76b/t/m/tm-dg-sbp-1105-sm-3648_1.png
121251,TM-DG-SBP-1105-SM-3942,Xiaomi Redmi Note 15 8/256 GB Forest Green,Xiaomi,499.99,659.99,160,AZN,0% 12 ay,Unknown,Smartfonlar,https://kontakt.az/xiaomi-redmi-note-15-8-256-gb-forest-green,https://kontakt.az/media/catalog/product/cache/d5c3506eddb65cd2e8f7539e513db76b/t/m/tm-dg-sbp-1105-sm-3942_654-03f365fb.webp
103565,TM-DG-SBP-1105-SM-3283,Samsung Galaxy S25+ (SM-S936B) 12/256 GB Navy,Samsung,1849.99,2319.99,470,AZN,0% 12 ay,Yes,Smartfonlar,https://kontakt.az/samsung-galaxy-s25-sm-s936b-12-256-gb-navy,https://kontakt.az/media/catalog/product/cache/d5c3506eddb65cd2e8f7539e513db76b/t/m/tm-dg-sbp-1105-sm-3283_14.png
120840,TM-DG-SBP-1105-SM-4007,OPPO A5i 4/64 GB CPH2773 Starry Purple,OPPO,269.99,329.99,60,AZN,0% 6 ay,Unknown,Smartfonlar,https://kontakt.az/oppo-a5i-4-64-gb-cph2773-starry-purple,https://kontakt.az/media/catalog/product/cache/d5c3506eddb65cd2e8f7539e513db76b/t/m/tm-dg-sbp-1105-sm-4007_1-5741aac2.webp
99220,TM-DG-SBP-1105-SM-2975,Vertu Ironflip Carbon Texture Taffeta (CIF-T-HT-BK14-A-EU),Vertu,14489.99,15999.99,1510,AZN,0% 6 ay,Unknown,Smartfonlar,https://kontakt.az/vertu-ironflip-carbon-texture-taffeta-cif-t-ht-bk14-a-eu,https://kontakt.az/media/catalog/product/cache/d5c3506eddb65cd2e8f7539e513db76b/t/m/tm-dg-sbp-1105-sm-2975_12.png
117213,TM-DG-SBP-1105-SM-3669,Samsung Galaxy S25 FE (SM-S731) 8/256 GB White,Samsung,1319.99,1619.99,300,AZN,0% 12 ay,Yes,Telefoniya,https://kontakt.az/samsung-galaxy-s25-fe-sm-s731-8-256-gb-white,https://kontakt.az/media/catalog/product/cache/d5c3506eddb65cd2e8f7539e513db76b/t/m/tm-dg-sbp-1105-sm-3669_1.png
117212,TM-DG-SBP-1105-SM-3666,Samsung Galaxy S25 FE (SM-S731) 8/256 GB Light Blue,Samsung,1319.99,1619.99,300,AZN,0% 12 ay,Yes,Smartfonlar,https://kontakt.az/samsung-galaxy-s25-fe-sm-s731-8-256-gb-light-blue,https://kontakt.az/media/catalog/product/cache/d5c3506eddb65cd2e8f7539e513db76b/t/m/tm-dg-sbp-1105-sm-3666_1.png
110340,TM-DG-SBP-1105-SM-3559,Blackview A200 Pro 12/256 GB Blue,Blackview,499.99,699.99,200,AZN,0% 18 ay,Yes,Telefoniya,https://kontakt.az/blackview-a200-pro-12-256-gb-blue,https://kontakt.az/media/catalog/product/cache/d5c3506eddb65cd2e8f7539e513db76b/t/m/tm-dg-sbp-1105-sm-3559_1.png
119758,TM-DG-SBP-1105-SM-3871,Nothing CMF Phone 2 Pro 8/128 GB A10400201 White,Nothing,659.99,699.99,40,AZN,0% 6 ay,Unknown,Smartfonlar,https://kontakt.az/nothing-cmf-phone-2-pro-8-128-gb-a10400201-white,https://kontakt.az/media/catalog/product/cache/d5c3506eddb65cd2e8f7539e513db76b/t/m/tm-dg-sbp-1105-sm-3871_-183f05bd.webp
121257,TM-DG-SBP-1105-SM-3968,Xiaomi Redmi Note 15 Pro+ 5G 8/256 GB Glacier Blue,Xiaomi,899.99,1169.99,270,AZN,0% 12 ay,Unknown,Smartfonlar,https://kontakt.az/xiaomi-note-redmi-15-pro-5g-8-256-gb-glacier-blue,https://kontakt.az/media/catalog/product/cache/d5c3506eddb65cd2e8f7539e513db76b/t/m/tm-dg-sbp-1105-sm-3968_1-c5060176.webp
99226,TM-DG-SBP-1105-SM-2981,Vertu IronFlip Verona Green Calf (CIF-N-HT-GN11-A-EU),Vertu,12989.99,13999.99,1010,AZN,0% 6 ay,Unknown,Smartfonlar,https://kontakt.az/vertu-ironflip-verona-green-calf-cif-n-ht-gn11-a-eu,https://kontakt.az/media/catalog/product/cache/d5c3506eddb65cd2e8f7539e513db76b/t/m/tm-dg-sbp-1105-sm-2981_12.png
111349,TM-DG-SBP-1105-SM-3615,HONOR X6c 6/256 GB Ocean Cyan,HONOR,329.99,409.99,80,AZN,0% 6 ay,Yes,Smartfonlar,https://kontakt.az/honor-x6c-6-256-gb-ocean-cyan,https://kontakt.az/media/catalog/product/cache/d5c3506eddb65cd2e8f7539e513db76b/t/m/tm-dg-sbp-1105-sm-3615_1_1_.png
114546,TM-DG-SBP-1105-SM-3652,Samsung Galaxy A07 (SM-A075) 6/128 GB Green,Samsung,279.99,329.99,50,AZN,0% 6 ay,Yes,Smartfonlar,https://kontakt.az/samsung-galaxy-a07-sm-a075-6-128-gb-green,https://kontakt.az/media/catalog/product/cache/d5c3506eddb65cd2e8f7539e513db76b/t/m/tm-dg-sbp-1105-sm-3652_1.png
121963,TM-DG-SBP-1105-SM-4023,Samsung Galaxy A17 4/128 GB + Samsung Galaxy A17 4/128 GB,,719.98,839.98,120,AZN,0% 6 ay,Unknown,Smartfonlar,https://kontakt.az/samsung-galaxy-a17-4-128-gb-samsung-galaxy-a17-4-128-gb,https://kontakt.az/media/catalog/product/cache/d5c3506eddb65cd2e8f7539e513db76b/t/m/tm-dg-sbp-1105-sm-4023_22-3f14a2e8.webp
121264,TM-DG-SBP-1105-SM-3978,Xiaomi Redmi Note 15 6/128 GB Forest Green,Xiaomi,449.99,569.99,120,AZN,0% 6 ay,Unknown,Smartfonlar,https://kontakt.az/xiaomi-redmi-note-15-6-128-gb-forest-green,https://kontakt.az/media/catalog/product/cache/d5c3506eddb65cd2e8f7539e513db76b/t/m/tm-dg-sbp-1105-sm-3978_1-0fdaa02d.webp
120385,TM-DG-SBP-1105-SM-3929,Doogee S41 Max 6/256 GB Green,Doogee,299.99,379.99,80,AZN,0% 6 ay,Yes,Smartfonlar,https://kontakt.az/doogee-s41-max-6-256-gb-green,https://kontakt.az/media/catalog/product/cache/d5c3506eddb65cd2e8f7539e513db76b/t/m/tm-dg-sbp-1105-sm-3929_1-4b001053.webp
121964,TM-DG-SBP-1105-SM-4024,Samsung Galaxy S25 FE 8/128 GB + Samsung Galaxy S25 FE 8/128 GB,,2499.98,2939.98,440,AZN,0% 12 ay,Unknown,Smartfonlar,https://kontakt.az/samsung-galaxy-s25-fe-8-128-gb-samsung-galaxy-s25-fe-8-128-gb,https://kontakt.az/media/catalog/product/cache/d5c3506eddb65cd2e8f7539e513db76b/t/m/tm-dg-sbp-1105-sm-4024_222-39402127.webp
121250,TM-DG-SBP-1105-SM-3941,Xiaomi Redmi Note 15 8/256 GB Glacier Blue,Xiaomi,499.99,659.99,160,AZN,0% 12 ay,Unknown,Smartfonlar,https://kontakt.az/xiaomi-redmi-note-15-8-256-gb-glacier-blue,https://kontakt.az/media/catalog/product/cache/d5c3506eddb65cd2e8f7539e513db76b/t/m/tm-dg-sbp-1105-sm-3941_654-1e10a5e9.webp
120839,TM-DG-SBP-1105-SM-4006,OPPO A5i 4/64 GB CPH2773 Nebula Red,OPPO,269.99,329.99,60,AZN,0% 6 ay,Unknown,Smartfonlar,https://kontakt.az/oppo-a5i-4-64-gb-cph2773-nebula-red,https://kontakt.az/media/catalog/product/cache/d5c3506eddb65cd2e8f7539e513db76b/t/m/tm-dg-sbp-1105-sm-4006_1-4629fd8d.webp
120822,TM-DG-SBP-1105-SM-3963,Oukitel C61 Pro 8/256 GB Blue,Oukitel,449.99,599.99,150,AZN,0% 6 ay,Unknown,Telefoniya,https://kontakt.az/oukitel-c61-pro-8-256-gb-blue,https://kontakt.az/media/catalog/product/cache/d5c3506eddb65cd2e8f7539e513db76b/t/m/tm-dg-sbp-1105-sm-3964_11-c756fc2f.webp
99227,TM-DG-SBP-1105-SM-2982,Vertu IronFlip YG Basalt Black Alli (CIF-E-HJ-BK11-A-EU),Vertu,27989.99,29999.99,2010,AZN,0% 6 ay,Unknown,Smartfonlar,https://kontakt.az/vertu-ironflip-yg-basalt-black-alli-cif-e-hj-bk11-a-eu,https://kontakt.az/media/catalog/product/cache/d5c3506eddb65cd2e8f7539e513db76b/t/m/tm-dg-sbp-1105-sm-2982_12.png
114555,TM-DG-SBP-1105-SM-3772,HONOR X7d 8/128 GB Desert Gold,HONOR,389.99,489.99,100,AZN,0% 6 ay,Yes,Smartfonlar,https://kontakt.az/honor-x7d-8-128-gb-desert-gold,https://kontakt.az/media/catalog/product/cache/d5c3506eddb65cd2e8f7539e513db76b/t/m/tm-dg-sbp-1105-sm-3772_1.png
104861,TM-DG-SBP-1105-SM-3372,Oukitel WP35 8/256 GB Grey,Oukitel,619.99,799.99,180,AZN,0% 6 ay,Unknown,Smartfonlar,https://kontakt.az/oukitel-wp35-8-256-gb-grey,https://kontakt.az/media/catalog/product/cache/d5c3506eddb65cd2e8f7539e513db76b/t/m/tm-dg-sbp-1105-sm-3372_11.png
121262,TM-DG-SBP-1105-SM-3973,Xiaomi Redmi Note 15 Pro+ 5G 12/512 GB Glacier Blue,Xiaomi,1069.99,1369.99,300,AZN,0% 18 ay,Unknown,Smartfonlar,https://kontakt.az/xiaomi-redmi-note-15-pro-plus-5g-12-512-gb-glacier-blue,https://kontakt.az/media/catalog/product/cache/d5c3506eddb65cd2e8f7539e513db76b/t/m/tm-dg-sbp-1105-sm-3973_1-da19608f.webp
121249,TM-DG-SBP-1105-SM-3940,Xiaomi Redmi Note 15 8/256 GB Purple,Xiaomi,499.99,659.99,160,AZN,0% 12 ay,Unknown,Smartfonlar,https://kontakt.az/xiaomi-redmi-note-15-8-256-gb-purple,https://kontakt.az/media/catalog/product/cache/d5c3506eddb65cd2e8f7539e513db76b/t/m/tm-dg-sbp-1105-sm-3940_654-78baa51b.webp
114048,TM-DG-SBP-1105-SM-3720,iPhone Air 1 TB Space Black,Apple,3629.99,3999.99,370,AZN,0% 6 ay,Yes,Smartfonlar,https://kontakt.az/iphone-air-1-tb-space-black,https://kontakt.az/media/catalog/product/cache/d5c3506eddb65cd2e8f7539e513db76b/t/m/tm-dg-sbp-1105-sm-3720_1.png
121962,TM-DG-SBP-1105-SM-4022,Redmi Note 15 6/128 GB + Redmi Note 15 6/128 GB,,979.98,1139.98,160,AZN,0% 6 ay,Unknown,Smartfonlar,https://kontakt.az/redmi-note-15-6-128-gb-redmi-note-15-6-128-gb,https://kontakt.az/media/catalog/product/cache/d5c3506eddb65cd2e8f7539e513db76b/t/m/tm-dg-sbp-1105-sm-4022_111-2f813625.webp
114046,TM-DG-SBP-1105-SM-3718,iPhone Air 512 GB Sky Blue,Apple,3079.99,3449.99,370,AZN,0% 6 ay,Yes,Smartfonlar,https://kontakt.az/iphone-air-512-gb-sky-blue,https://kontakt.az/media/catalog/product/cache/d5c3506eddb65cd2e8f7539e513db76b/t/m/tm-dg-sbp-1105-sm-3718_1.png
104821,TM-DG-SBP-1105-SM-3330,Poco X7 Pro 8/256 GB Green,Poco,729.99,969.99,240,AZN,0% 18 ay,Yes,Smartfonlar,https://kontakt.az/poco-x7-pro-8-256-gb-green,https://kontakt.az/media/catalog/product/cache/d5c3506eddb65cd2e8f7539e513db76b/t/m/tm-dg-sbp-1105-sm-3330_1.png
117215,TM-DG-SBP-1105-SM-3838,Samsung Galaxy S25 FE (SM-S731) 8/128 GB White,Samsung,1199.99,1469.99,270,AZN,0% 12 ay,Yes,Smartfonlar,https://kontakt.az/samsung-galaxy-s25-fe-sm-s731-8-128-gb-white,https://kontakt.az/media/catalog/product/cache/d5c3506eddb65cd2e8f7539e513db76b/t/m/tm-dg-sbp-1105-sm-3838_1_1_.png
121253,TM-DG-SBP-1105-SM-3944,Xiaomi Redmi Note 15 Pro 8/256 GB Glacier Blue,Xiaomi,619.99,819.99,200,AZN,0% 6 ay,Unknown,Smartfonlar,https://kontakt.az/xiaomi-redmi-note-15-pro-8-256-gb-glacier-blue,https://kontakt.az/media/catalog/product/cache/d5c3506eddb65cd2e8f7539e513db76b/t/m/tm-dg-sbp-1105-sm-3944_654-3935e4de.webp
121965,TM-DG-SBP-1105-SM-4025,OPPO A5 Pro 8/256 GB + OPPO A5 Pro 8/256 GB,,1139.98,1339.98,200,AZN,0% 12 ay,Unknown,Smartfonlar,https://kontakt.az/oppo-a5-pro-8-256-gb-oppo-a5-pro-8-256-gb,https://kontakt.az/media/catalog/product/cache/d5c3506eddb65cd2e8f7539e513db76b/t/m/tm-dg-sbp-1105-sm-4025_111-73edb7f2.webp
114050,TM-DG-SBP-1105-SM-3722,iPhone Air 1 TB Sky Blue,Apple,3629.99,3999.99,370,AZN,0% 6 ay,Yes,Smartfonlar,https://kontakt.az/iphone-air-1-tb-sky-blue,https://kontakt.az/media/catalog/product/cache/d5c3506eddb65cd2e8f7539e513db76b/t/m/tm-dg-sbp-1105-sm-3722_1.png
119760,TM-DG-SBP-1105-SM-3873,Nothing CMF Phone 2 Pro 8/256 GB A10400213 White,Nothing,789.99,839.99,50,AZN,0% 6 ay,Yes,Smartfonlar,https://kontakt.az/nothing-cmf-phone-2-pro-8-256-gb-a10400213-white,https://kontakt.az/media/catalog/product/cache/d5c3506eddb65cd2e8f7539e513db76b/t/m/tm-dg-sbp-1105-sm-3873_1-bcb3607d.webp
119767,TM-DG-SBP-1105-SM-3880,Nothing Phone (3A) Pro 12/256 GB A10400170 Grey,Nothing,1259.99,1359.99,100,AZN,0% 6 ay,Yes,Smartfonlar,https://kontakt.az/nothing-phone-3a-pro-12-256-gb-a10400170-grey,https://kontakt.az/media/catalog/product/cache/d5c3506eddb65cd2e8f7539e513db76b/t/m/tm-dg-sbp-1105-sm-3880_1-70ddb1fe.webp
119770,TM-DG-SBP-1105-SM-3883,Nothing Phone (3) 16/512 GB A10000020 Black,Nothing,2209.99,2309.99,100,AZN,0% 6 ay,Yes,Telefoniya,https://kontakt.az/nothing-phone-3-16-512-gb-a10000020-black,https://kontakt.az/media/catalog/product/cache/d5c3506eddb65cd2e8f7539e513db76b/t/m/tm-dg-sbp-1105-sm-3883_1_1-081bc33a.webp
121427,TM-DG-SBP-1105-SM-4012,Poco M8 Pro 5G 12/512 GB Black,Poco,889.99,1069.99,180,AZN,0% 6 ay,Unknown,Smartfonlar,https://kontakt.az/poco-m8-pro-5g-12-512-gb-black,https://kontakt.az/media/catalog/product/cache/d5c3506eddb65cd2e8f7539e513db76b/t/m/tm-dg-sbp-1105-sm-4012_1-7f48c0ef.webp
105064,TM-DG-SBP-1105-SM-3356,Oukitel C38 6/256 GB Black,Oukitel,324.99,419.99,95,AZN,0% 6 ay,Yes,Telefoniya,https://kontakt.az/oukitel-c38-6-256-gb-black,https://kontakt.az/media/catalog/product/cache/d5c3506eddb65cd2e8f7539e513db76b/t/m/tm-dg-sbp-1105-sm-3356_1.png
119769,TM-DG-SBP-1105-SM-3882,Nothing Phone (3) 12/256 GB A10000019 White,Nothing,2009.99,2159.99,150,AZN,0% 6 ay,Yes,Smartfonlar,https://kontakt.az/nothing-phone-3-12-256-gb-a10000019-white,https://kontakt.az/media/catalog/product/cache/d5c3506eddb65cd2e8f7539e513db76b/t/m/tm-dg-sbp-1105-sm-3882_1-520d1f60.webp
119761,TM-DG-SBP-1105-SM-3874,Nothing Phone (3A) 12/256 GB A10400151 Black,Nothing,959.99,1059.99,100,AZN,0% 6 ay,Yes,Smartfonlar,https://kontakt.az/nothing-phone-3a-12-256-gb-a10400151-black,https://kontakt.az/media/catalog/product/cache/d5c3506eddb65cd2e8f7539e513db76b/t/m/tm-dg-sbp-1105-sm-3874_1-7cb60595.webp
119765,TM-DG-SBP-1105-SM-3878,Nothing Phone (3A) 8/128 GB A10400149 White,Nothing,809.99,859.99,50,AZN,0% 6 ay,Yes,Smartfonlar,https://kontakt.az/nothing-phone-3a-8-128-gb-a10400149-white,https://kontakt.az/media/catalog/product/cache/d5c3506eddb65cd2e8f7539e513db76b/t/m/tm-dg-sbp-1105-sm-3878_1-6970a0df.webp
114047,TM-DG-SBP-1105-SM-3719,iPhone Air 512 GB Light Gold,Apple,3079.99,3449.99,370,AZN,0% 6 ay,Yes,Smartfonlar,https://kontakt.az/iphone-air-512-gb-light-gold,https://kontakt.az/media/catalog/product/cache/d5c3506eddb65cd2e8f7539e513db76b/t/m/tm-dg-sbp-1105-sm-3719_1.png
119763,TM-DG-SBP-1105-SM-3876,Nothing Phone (3A) 12/256 GB A10400152 White,Nothing,959.99,1059.99,100,AZN,0% 6 ay,Yes,Smartfonlar,https://kontakt.az/nothing-phone-3a-12-256-gb-a10400152-white,https://kontakt.az/media/catalog/product/cache/d5c3506eddb65cd2e8f7539e513db76b/t/m/tm-dg-sbp-1105-sm-3876_-701dddfc.webp
119764,TM-DG-SBP-1105-SM-3877,Nothing Phone (3A) 8/128 GB A10400148 Black,Nothing,809.99,859.99,50,AZN,0% 6 ay,Yes,Smartfonlar,https://kontakt.az/nothing-phone-3a-8-128-gb-a10400148-black,https://kontakt.az/media/catalog/product/cache/d5c3506eddb65cd2e8f7539e513db76b/t/m/tm-dg-sbp-1105-sm-3877_1-4f0efc44.webp
119766,TM-DG-SBP-1105-SM-3879,Nothing Phone (3A) Pro 12/256 GB A10400169 Black,Nothing,1259.99,1359.99,100,AZN,0% 6 ay,Yes,Smartfonlar,https://kontakt.az/nothing-phone-3a-pro-12-256-gb-a10400169-black,https://kontakt.az/media/catalog/product/cache/d5c3506eddb65cd2e8f7539e513db76b/t/m/tm-dg-sbp-1105-sm-3879_1_1_-17618e80.webp
119762,TM-DG-SBP-1105-SM-3875,Nothing Phone (3A) 12/256 GB A10400153 Blue,Nothing,959.99,1059.99,100,AZN,0% 6 ay,Yes,Smartfonlar,https://kontakt.az/nothing-phone-3a-12-256-gb-a10400153-blue,https://kontakt.az/media/catalog/product/cache/d5c3506eddb65cd2e8f7539e513db76b/t/m/tm-dg-sbp-1105-sm-3875_1-6dde52da.webp
122069,TM-DG-SBP-1105-SM-4026,ZTE nubia Z80 Ultra 16/512 GB Black,ZTE,2399.99,2899.99,500,AZN,0% 12 ay,Unknown,Telefoniya,https://kontakt.az/zte-nubia-z80-ultra-16-512-gb-black,https://kontakt.az/media/catalog/product/cache/d5c3506eddb65cd2e8f7539e513db76b/t/m/tm-dg-sbp-1105-sm-4026_1-d290be3a.webp
119771,TM-DG-SBP-1105-SM-3884,Nothing Phone (3) 16/512 GB A10000021 White,Nothing,2209.99,2309.99,100,AZN,0% 6 ay,Yes,Smartfonlar,https://kontakt.az/nothing-phone-3-16-512-gb-a10000021-white,https://kontakt.az/media/catalog/product/cache/d5c3506eddb65cd2e8f7539e513db76b/t/m/tm-dg-sbp-1105-sm-3884_1-83602dc7.webp
121715,TM-DG-SBP-1105-SM-3974,Oscal Flat 2 4/128 GB Black,Oscal,219.99,329.99,110,AZN,0% 6 ay,Unknown,Smartfonlar,https://kontakt.az/oscal-flat-2-4-128-gb-black,https://kontakt.az/media/catalog/product/cache/d5c3506eddb65cd2e8f7539e513db76b/t/m/tm-dg-sbp-1105-sm-3974_1-1a1c0567.webp
99231,TM-DG-SBP-1105-SM-2993,Vertu IronFlip Sakura Pink Alli (CIF-E-HT-PK11-A-EU),Vertu,20989.99,21999.99,1010,AZN,0% 6 ay,Unknown,Smartfonlar,https://kontakt.az/vertu-ironflip-sakura-pink-alli-cif-e-ht-pk11-a-eu,https://kontakt.az/media/catalog/product/cache/d5c3506eddb65cd2e8f7539e513db76b/t/m/tm-dg-sbp-1105-sm-2993_12.png
105060,TM-DG-SBP-1105-SM-3347,Oukitel C35 12/256 GB Blue,Oukitel,324.99,419.99,95,AZN,0% 6 ay,Yes,Smartfonlar,https://kontakt.az/oukitel-c35-12-256-gb-blue,https://kontakt.az/media/catalog/product/cache/d5c3506eddb65cd2e8f7539e513db76b/t/m/tm-dg-sbp-1105-sm-3347_1.png
105053,TM-DG-SBP-1105-SM-3357,Oukitel C50 8/128 GB Green,Oukitel,334.99,429.99,95,AZN,0% 6 ay,Yes,Smartfonlar,https://kontakt.az/oukitel-c50-8-128-gb-green,https://kontakt.az/media/catalog/product/cache/d5c3506eddb65cd2e8f7539e513db76b/t/m/tm-dg-sbp-1105-sm-3357_1.png
110790,TM-DG-SBP-1105-SM-3599,Samsung Galaxy Z Fold7 (F966) 12/512 GB Dark Blue,Samsung,3999.99,4519.99,520,AZN,0% 12 ay,Yes,Smartfonlar,https://kontakt.az/samsung-galaxy-z-fold7-f966-12-512-gb-dark-blue,https://kontakt.az/media/catalog/product/cache/d5c3506eddb65cd2e8f7539e513db76b/t/m/tm-dg-sbp-1105-sm-3599_1.png
119759,TM-DG-SBP-1105-SM-3872,Nothing CMF Phone 2 Pro 8/256 GB A10400211 Black,Nothing,789.99,839.99,50,AZN,0% 6 ay,Yes,Smartfonlar,https://kontakt.az/nothing-cmf-phone-2-pro-8-256-gb-a10400211-black,https://kontakt.az/media/catalog/product/cache/d5c3506eddb65cd2e8f7539e513db76b/t/m/tm-dg-sbp-1105-sm-3872_1-addb3732.webp
105061,TM-DG-SBP-1105-SM-3348,Oukitel C35 12/256 GB Green,Oukitel,324.99,419.99,95,AZN,0% 6 ay,Yes,Smartfonlar,https://kontakt.az/oukitel-c35-12-256-gb-green,https://kontakt.az/media/catalog/product/cache/d5c3506eddb65cd2e8f7539e513db76b/t/m/tm-dg-sbp-1105-sm-3348_1.png
99155,TM-DG-SBP-1105-SM-2971,Vertu IronFlip YG Basalt Black Allı (CIF-E-001-HT-A-LH-EU),Vertu,16989.99,17999.99,1010,AZN,0% 6 ay,Unknown,Smartfonlar,https://kontakt.az/vertu-ironflip-yg-basalt-black-alli-cif-e-001-ht-a-lh-eu,https://kontakt.az/media/catalog/product/cache/d5c3506eddb65cd2e8f7539e513db76b/t/m/tm-dg-sbp-1105-sm-2971_3.png
120809,TM-DG-SBP-1105-SM-3960,Oukitel C59 Pro 8/256 GB Grey,Oukitel,529.99,699.99,170,AZN,0% 6 ay,Unknown,Smartfonlar,https://kontakt.az/oukitel-c59-pro-8-256-gb-grey,https://kontakt.az/media/catalog/product/cache/d5c3506eddb65cd2e8f7539e513db76b/t/m/tm-dg-sbp-1105-sm-3960_1_1_-7cd0c5e9.webp
99219,TM-DG-SBP-1105-SM-2974,Vertu IronFlip Carbon Auspicious Phoenix (CIF-T-HT-BR11-A-EU),Vertu,15489.99,16999.99,1510,AZN,0% 6 ay,Unknown,Smartfonlar,https://kontakt.az/vertu-ironflip-carbon-auspicious-phoenix-cif-t-ht-br11-a-eu,https://kontakt.az/media/catalog/product/cache/d5c3506eddb65cd2e8f7539e513db76b/t/m/tm-dg-sbp-1105-sm-2974_12.png
121518,TM-DG-SBP-1105-SM-3934,Motorola moto G06 Power NFC 8/256 GB Tendril Green,Motorola,319.99,379.99,60,AZN,0% 6 ay,Yes,Smartfonlar,https://kontakt.az/motorola-moto-g06-power-nfc-8-256-gb-tendril,https://kontakt.az/media/catalog/product/cache/d5c3506eddb65cd2e8f7539e513db76b/t/m/tm-dg-sbp-1105-sm-3934_1-8572430d.webp
104912,TM-DG-SBP-1105-SM-3352,Oukitel C37 6/256 GB Cyan,Oukitel,334.99,429.99,95,AZN,0% 6 ay,Yes,Smartfonlar,https://kontakt.az/oukitel-c37-6-256-gb-cyan,https://kontakt.az/media/catalog/product/cache/d5c3506eddb65cd2e8f7539e513db76b/t/m/tm-dg-sbp-1105-sm-3352_1.png
105063,TM-DG-SBP-1105-SM-3355,Oukitel C38 6/256 GB White,Oukitel,324.99,419.99,95,AZN,0% 6 ay,Yes,Smartfonlar,https://kontakt.az/oukitel-c38-6-256-gb-white,https://kontakt.az/media/catalog/product/cache/d5c3506eddb65cd2e8f7539e513db76b/t/m/tm-dg-sbp-1105-sm-3355_1.png
121517,TM-DG-SBP-1105-SM-3933,Motorola Moto G06 Power NFC 8/256 GB Tapestry,Motorola,319.99,379.99,60,AZN,0% 6 ay,Yes,Smartfonlar,https://kontakt.az/motorola-moto-g06-power-nfc-8-256-gb-tapestry,https://kontakt.az/media/catalog/product/cache/d5c3506eddb65cd2e8f7539e513db76b/t/m/tm-dg-sbp-1105-sm-3933_1-457726e5.webp
121425,TM-DG-SBP-1105-SM-4010,Poco M8 5G 8/256 GB Silver,Poco,549.99,669.99,120,AZN,0% 6 ay,Unknown,Smartfonlar,https://kontakt.az/poco-m8-5g-8-256-gb-silver,https://kontakt.az/media/catalog/product/cache/d5c3506eddb65cd2e8f7539e513db76b/t/m/tm-dg-sbp-1105-sm-4010_1-5d986e71.webp
99230,TM-DG-SBP-1105-SM-2992,Vertu IronFlip Navy Blue Alli (CIF-E-003-HT-A-LH-EU),Vertu,16989.99,17999.99,1010,AZN,0% 6 ay,Unknown,Smartfonlar,https://kontakt.az/vertu-ironflip-navy-blue-alli-cif-e-003-ht-a-lh-eu,https://kontakt.az/media/catalog/product/cache/d5c3506eddb65cd2e8f7539e513db76b/t/m/tm-dg-sbp-1105-sm-2992_1.png
119768,TM-DG-SBP-1105-SM-3881,Nothing Phone (3) 12/256 GB A10000018 Black,Nothing,2009.99,2159.99,150,AZN,0% 6 ay,Yes,Smartfonlar,https://kontakt.az/nothing-phone-3-12-256-gb-a10000018-black,https://kontakt.az/media/catalog/product/cache/d5c3506eddb65cd2e8f7539e513db76b/t/m/tm-dg-sbp-1105-sm-3881_1-61b5e6b1.webp
104904,TM-DG-SBP-1105-SM-3392,Oukitel WP35 8/256 GB Green,Oukitel,619.99,799.99,180,AZN,0% 6 ay,Unknown,Smartfonlar,https://kontakt.az/oukitel-wp35-8-256-gb-green,https://kontakt.az/media/catalog/product/cache/d5c3506eddb65cd2e8f7539e513db76b/t/m/tm-dg-sbp-1105-sm-3392_1.png
99222,TM-DG-SBP-1105-SM-2977,Vertu IronFlip Elephant Skin Alli (CIF-E-HT-GY11-A-EU),Vertu,20989.99,21999.99,1010,AZN,0% 6 ay,Unknown,Smartfonlar,https://kontakt.az/vertu-ironflip-ekephant-skin-alli-cif-e-ht-gy11-a-eu,https://kontakt.az/media/catalog/product/cache/d5c3506eddb65cd2e8f7539e513db76b/t/m/tm-dg-sbp-1105-sm-2977_12.png
121426,TM-DG-SBP-1105-SM-4011,Poco M8 Pro 5G 8/256 GB Black,Poco,739.99,889.99,150,AZN,0% 6 ay,Unknown,Smartfonlar,https://kontakt.az/poco-m8-pro-5g-8-256-gb-black,https://kontakt.az/media/catalog/product/cache/d5c3506eddb65cd2e8f7539e513db76b/t/m/tm-dg-sbp-1105-sm-4011_1-4cf0393e.webp
99221,TM-DG-SBP-1105-SM-2976,Vertu IronFlip Creamy White Alli (CIF-E-HT-WE13-A-EU),Vertu,20989.99,21999.99,1010,AZN,0% 6 ay,Unknown,Smartfonlar,https://kontakt.az/vertu-ironflip-creamy-white-alli-cif-e-ht-we13-a-eu,https://kontakt.az/media/catalog/product/cache/d5c3506eddb65cd2e8f7539e513db76b/t/m/tm-dg-sbp-1105-sm-2976_12.png
99223,TM-DG-SBP-1105-SM-2978,Vertu IronFlip Gentleman Blue Calf (CIF-N-003-HT-A-LH-EU),Vertu,12989.99,13999.99,1010,AZN,0% 6 ay,Unknown,Smartfonlar,https://kontakt.az/vertu-ironflip-gentelman-blue-calf-cif-n-003-ht-a-lh-eu,https://kontakt.az/media/catalog/product/cache/d5c3506eddb65cd2e8f7539e513db76b/t/m/tm-dg-sbp-1105-sm-2978_12.png
99218,TM-DG-SBP-1105-SM-2973,Vertu IronFlip Caramel Brown (CIF-N-002-HT-A-LH-EU),Vertu,12989.99,13999.99,1010,AZN,0% 6 ay,Unknown,Smartfonlar,https://kontakt.az/vertu-metavertu-caramel-brown-cif-n-002-ht-a-lh-eu,https://kontakt.az/media/catalog/product/cache/d5c3506eddb65cd2e8f7539e513db76b/t/m/tm-dg-sbp-1105-sm-2973_12.png
121423,TM-DG-SBP-1105-SM-4008,Poco M8 5G 8/256 GB Black,Poco,549.99,669.99,120,AZN,0% 6 ay,Unknown,Smartfonlar,https://kontakt.az/poco-m8-5g-8-256-gb-black,https://kontakt.az/media/catalog/product/cache/d5c3506eddb65cd2e8f7539e513db76b/t/m/tm-dg-sbp-1105-sm-4008_1-713ff659.webp
121424,TM-DG-SBP-1105-SM-4009,Poco M8 5G 8/256 GB Green,Poco,549.99,669.99,120,AZN,0% 6 ay,Unknown,Smartfonlar,https://kontakt.az/poco-m8-5g-8-256-gb-green,https://kontakt.az/media/catalog/product/cache/d5c3506eddb65cd2e8f7539e513db76b/t/m/tm-dg-sbp-1105-sm-4009_1-6057a116.webp
121716,TM-DG-SBP-1105-SM-3975,Oscal Tiger 8 8/128 GB Black,Oscal,349.99,499.99,150,AZN,0% 12 ay,Unknown,Smartfonlar,https://kontakt.az/oscal-tiger-8-8-128-gb-black,https://kontakt.az/media/catalog/product/cache/d5c3506eddb65cd2e8f7539e513db76b/t/m/tm-dg-sbp-1105-sm-3975_1-0b745228.webp
121717,TM-DG-SBP-1105-SM-3976,Oscal Tiger 13 8/256 GB Black,Oscal,399.99,599.99,200,AZN,0% 18 ay,Unknown,Smartfonlar,https://kontakt.az/oscal-tiger-13-8-256-gb-black,https://kontakt.az/media/catalog/product/cache/d5c3506eddb65cd2e8f7539e513db76b/t/m/tm-dg-sbp-1105-sm-3976_1-38ccabf9.webp
121787,TM-DG-SBP-1105-SM-4021,Xiaomi Redmi Note 15 6/128 GB Glacier Blue,Xiaomi,449.99,569.99,120,AZN,0% 6 ay,Unknown,Smartfonlar,https://kontakt.az/xiaomi-redmi-note-15-6-128-gb-glacier-blue,https://kontakt.az/media/catalog/product/cache/d5c3506eddb65cd2e8f7539e513db76b/t/m/tm-dg-sbp-1105-sm-4021_1-1295dbd2.webp
121786,TM-DG-SBP-1105-SM-4020,Xiaomi Redmi Note 15 6/128 GB Purple,Xiaomi,449.99,569.99,120,AZN,0% 6 ay,Unknown,Smartfonlar,https://kontakt.az/xiaomi-redmi-note-15-6-128-gb-purple,https://kontakt.az/media/catalog/product/cache/d5c3506eddb65cd2e8f7539e513db76b/t/m/tm-dg-sbp-1105-sm-4020_1-03fd8c9d.webp
122073,TM-DG-SBP-1105-SM-4030,HONOR X8d 8/128 GB Velvet Black,HONOR,489.99,599.99,110,AZN,0% 6 ay,Yes,Smartfonlar,https://kontakt.az/honor-x8d-8-128-gb-velvet-black,https://kontakt.az/media/catalog/product/cache/d5c3506eddb65cd2e8f7539e513db76b/t/m/tm-dg-sbp-1105-sm-4030_1-c9212dc6.webp
122074,TM-DG-SBP-1105-SM-4031,HONOR X8d 8/128 GB Light Blue,HONOR,489.99,599.99,110,AZN,0% 6 ay,Yes,Smartfonlar,https://kontakt.az/honor-x8d-8-128-gb-light-blue,https://kontakt.az/media/catalog/product/cache/d5c3506eddb65cd2e8f7539e513db76b/t/m/tm-dg-sbp-1105-sm-4031_1-d8497a89.webp
122072,TM-DG-SBP-1105-SM-4029,HONOR X8d 8/256 GB Velvet Grey,HONOR,539.99,649.99,110,AZN,0% 6 ay,Yes,Smartfonlar,https://kontakt.az/honor-x8d-8-256-gb-velvet-grey,https://kontakt.az/media/catalog/product/cache/d5c3506eddb65cd2e8f7539e513db76b/t/m/tm-dg-sbp-1105-sm-4029_1-f4eee2a1.webp
122070,TM-DG-SBP-1105-SM-4027,HONOR X8d 8/256 GB Velvet Black,HONOR,539.99,649.99,110,AZN,0% 6 ay,Yes,Smartfonlar,https://kontakt.az/honor-x8d-8-256-gb-velvet-black,https://kontakt.az/media/catalog/product/cache/d5c3506eddb65cd2e8f7539e513db76b/t/m/tm-dg-sbp-1105-sm-4027_1-c3f8e975.webp
122075,TM-DG-SBP-1105-SM-4032,HONOR X8d 8/128 GB Velvet Grey,HONOR,489.99,599.99,110,AZN,0% 6 ay,Yes,Smartfonlar,https://kontakt.az/honor-x8d-8-128-gb-velvet-grey,https://kontakt.az/media/catalog/product/cache/d5c3506eddb65cd2e8f7539e513db76b/t/m/tm-dg-sbp-1105-sm-4032_1-ebf18358.webp
